Nome,Tipo,Sede,Website,Setores / Areas de Interesse,Tese,Logo,Recadastro,Investimentos Anteriores Agtech,Valor Investimento Típico,Requisitos Principais
Spin Startups+Industries,Accelerator,"Jaraguá do Sul, SC",https://spin.exponencial.vc/,B2B,"A Spin é a primeira e a maior plataforma de inovação Startup+Indústria do Brasil (hardware e software), a maior aceleradora de Santa Catarina (Distrito/KPMG) e também uma das dez melhores aceleradoras do país (Startup Awards 2018 e 2019). Com unidades estabelecidas nas cidades de São Paulo, Curitiba, Joinville, Blumenau e Jaraguá do Sul, a Spin é parceira oficial do Stanford Research Institute para todo o território nacional e tem como objetivo colocar frente a frente startups inovadoras, indústrias em transformação e investidores interessados em criar negócios exponenciais. Para saber mais, basta acessar o site www.spin.capital, as redes sociais (@spin.capital) ou a plataforma de inovação www.exponencial.vc .",https://v5.airtableusercontent.com/v3/u/46/46/1760220000000/R6WPBbx7UA3GcyCZLhhWzg/nPY0amDDb_cmbTXZGRBx_5caMHy3hNQVgTSK7Y13Rua3fOP9akvWPxn3VBcBMwopaDcb0tkTBG7GmEshDDoExBvaMg4Tf9z8vGNLtxMExFT3jxNzQxd8dF2Kb5xP6JbUE3NM5NGIn9d1hQ9l144KMuNcjGNAGFNj9rzv76zeWFQ/EISv018QNa4L-X9cq52oQVImtAccCcMZiNXtmColFN4,button:Editar infos|https://airtable.com/shrXkItsOMiCG6Y2E?prefill_Nome=%20Spin%20Startups%2BIndustries&prefill_Tipo=Accelerator&prefill_Sede=Jaragu%C3%A1%20do%20Sul%2C%20SC&prefill_Website=https%3A%2F%2Fspin.exponencial.vc%2F&prefill_Setores%20%2F%20Areas%20de%20Interesse=B2B&prefill_Est%C3%A1gio%20de%20Investimento=&prefill_Tese=A%20Spin%20%C3%A9%20a%20primeira%20e%20a%20maior%20plataforma%20de%20inova%C3%A7%C3%A3o%20Startup%2BInd%C3%BAstria%20do%20Brasil%20%28hardware%20e%20software%29%2C%20a%20maior%20aceleradora%20de%20Santa%20Catarina%20%28Distrito%2FKPMG%29%20e%20tamb%C3%A9m%20uma%20das%20dez%20melhores%20aceleradoras%20do%20pa%C3%ADs%20%28Startup%20Awards%202018%20e%202019%29.%20Com%20unidades%20estabelecidas%20nas%20cidades%20de%20S%C3%A3o%20Paulo%2C%20Curitiba%2C%20Joinville%2C%20Blumenau%20e%20Jaragu%C3%A1%20do%20Sul%2C%20a%20Spin%20%C3%A9%20parceira%20oficial%20do%20Stanford%20Research%20Institute%20para%20todo%20o%20territ%C3%B3rio%20nacional%20e%20tem%20como%20objetivo%20colocar%20frente%20a%20frente%20startups%20inovadoras%2C%20ind%C3%BAstrias%20em%20transforma%C3%A7%C3%A3o%20e%20investidores%20interessados%20em%20criar%20neg%C3%B3cios%20exponenciais.%20Para%20saber%20mais%2C%20basta%20acessar%20o%20site%20www.spin.capital%2C%20as%20redes%20sociais%20%28%40spin.capital%29%20ou%20a%20plataforma%20de%20inova%C3%A7%C3%A3o%20www.exponencial.vc%20.&prefill_Montante%20do%20Primeiro%20Cheque=,Sem foco específico em agtech,R$ 50-300k,"Modelo B2B, Programa de aceleração"
42K Investimentos,Angel Group,"Florianópolis, Santa Catarina",http://www.42kinvest.com.br,,Investe e organiza club deals para investir em startups no Brasil e os EUA.,https://v5.airtableusercontent.com/v3/u/46/46/1760220000000/fdpU-wUgLkhGk_frnxkCHQ/Odg_gWu19uZsreOIe5PhxUxzqRItrmmHy4xVzF9ekhoP05qsUdut9vPOmOH7TXNljriM-oE5_Exm3_s6C2W4pk6aQQ43ICdd65hW2MibIS8jFhmTFTjhB9qsIOFl5Qd9XW2918xoboEbqPSphw2vvX5tSd3P18IlFztQCm98bFQ/zb_FyAWGrZi53i0fGr3O1fURUOmg00V1oSd7sJKf2YA,button:Editar infos|https://airtable.com/shrXkItsOMiCG6Y2E?prefill_Nome=42K%20Investimentos&prefill_Tipo=Angel%20Group&prefill_Sede=Florian%C3%B3polis%2C%20Santa%20Catarina&prefill_Website=http%3A%2F%2Fwww.42kinvest.com.br&prefill_Setores%20%2F%20Areas%20de%20Interesse=&prefill_Est%C3%A1gio%20de%20Investimento=&prefill_Tese=Investe%20e%20organiza%20club%20deals%20para%20investir%20em%20startups%20no%20Brasil%20e%20os%20EUA.%20&prefill_Montante%20do%20Primeiro%20Cheque=,Sem foco específico em agtech,R$ 50-200k,Inovação tecnológica
500Startups,Accelerator,"São Paulo, Sao Paulo",https://brasil.500.co/,"Agtech,B2B,Construtech,Ecommerce / D2C,Enterprise,Fintech,Health,Manufacturing,Proptech,Retail,SaaS,SMB,Software,Logistics,Energy,Smart Cities,CyberSecurity",500 Startups é um fundo de risco e aceleradora de Startups em estágio inicial.,https://v5.airtableusercontent.com/v3/u/46/46/1760220000000/LDoGnDyGABCZGmZQztKvtw/nF22SwoiC1V9pY49rW-uWiuhJ4ot8aBV_-GFZjlW60f3E_oxcdV4DRX-aTS8gU_mVpbnODDLUsmF3NBDQHLW5TMMyAeE24-lCzujUGqwFIcTkaUTTr7UfP5ZLoimVzkkoSoUfWxl44yPKpNYd5XT8eYE5rS0JNdEP6o4KP6YEaE/rW7eM0FvFQ9fE-aoH9A31BdeO0tTHVGy5lXWeqQWTPc,button:Editar infos|https://airtable.com/shrXkItsOMiCG6Y2E?prefill_Nome=500Startups&prefill_Tipo=Accelerator&prefill_Sede=S%C3%A3o%20Paulo%2C%20Sao%20Paulo&prefill_Website=https%3A%2F%2Fbrasil.500.co%2F&prefill_Setores%20%2F%20Areas%20de%20Interesse=Agtech%2C%20B2B%2C%20Construtech%2C%20Ecommerce%20%2F%20D2C%2C%20Enterprise%2C%20Fintech%2C%20Health%2C%20Manufacturing%2C%20Proptech%2C%20Retail%2C%20SaaS%2C%20SMB%2C%20Software%2C%20Logistics%2C%20Energy%2C%20Smart%20Cities%2C%20CyberSecurity&prefill_Est%C3%A1gio%20de%20Investimento=&prefill_Tese=500%20Startups%20%C3%A9%20um%20fundo%20de%20risco%20e%20aceleradora%20de%20Startups%20em%20est%C3%A1gio%20inicial.&prefill_Montante%20do%20Primeiro%20Cheque=,Múltiplas agtechs em portfólio global,R$ 50-300k,"Soluções para agronegócio, Modelo B2B, Produto SaaS, Soluções financeiras, Soluções para saúde, Programa de aceleração"
1289 Capital,Micro VC,São Paulo,https://www.1289capital.com/,"Agtech,Deep Tech,B2B,Fintech,SaaS,Software,Ecommerce / D2C,Health","A 1289 Capital é uma sociedade de investimentos focada em empresas no estágio de crescimento inicial, com produto validado e mostrando sinais de tração no número de clientes e na receita recorrente.  Somos abertos a investimentos em negócios escaláveis, inovadores e com elevado potencial de retorno financeiro. Nosso trabalho é fazer grandes ideias se tornarem grandes empresas.",https://v5.airtableusercontent.com/v3/u/46/46/1760220000000/XBHIjvtm5M6RXTvUI3OBug/dW4CmxVOwLUR8EeNwc_l9VhWxwFggzNxoHYLRXK4cAwBJs5pUOhsPqZjIcC1ZxR8MEJqeU_Tf6jSEHyWOU5OoUAnzB0Rk98dIC_5r0CORxuFWWvZilbItvpe7hQkehCFaWnSDkQR4VRO-0zwljSWwQ/0OyLZsKH1fTV3BYJvBuE2XO5E7pmG8x-FUoJeU9kAMk,button:Editar infos|https://airtable.com/shrXkItsOMiCG6Y2E?prefill_Nome=1289%20Capital&prefill_Tipo=Micro%20VC&prefill_Sede=S%C3%A3o%20Paulo&prefill_Website=https%3A%2F%2Fwww.1289capital.com%2F&prefill_Setores%20%2F%20Areas%20de%20Interesse=Agtech%2C%20Deep%20Tech%2C%20B2B%2C%20Fintech%2C%20SaaS%2C%20Software%2C%20Ecommerce%20%2F%20D2C%2C%20Health&prefill_Est%C3%A1gio%20de%20Investimento=&prefill_Tese=A%201289%20Capital%20%C3%A9%20uma%20sociedade%20de%20investimentos%20focada%20em%20empresas%20no%20est%C3%A1gio%20de%20crescimento%20inicial%2C%20com%20produto%20validado%20e%20mostrando%20sinais%20de%20tra%C3%A7%C3%A3o%20no%20n%C3%BAmero%20de%20clientes%20e%20na%20receita%20recorrente.%20%20Somos%20abertos%20a%20investimentos%20em%20neg%C3%B3cios%20escal%C3%A1veis%2C%20inovadores%20e%20com%20elevado%20potencial%20de%20retorno%20financeiro.%0A%0ANosso%20trabalho%20%C3%A9%20fazer%20grandes%20ideias%20se%20tornarem%20grandes%20empresas.&prefill_Montante%20do%20Primeiro%20Cheque=,Investimentos em agtechs com produto validado,R$ 200k-1M,"Soluções para agronegócio, Modelo B2B, Produto SaaS, Soluções financeiras, Soluções para saúde"
A55,Venture Debt,"São Paulo, Sao Paulo",https://a55.tech/pt/,SaaS,Financiamento baseado em receitas previsíveis.,https://v5.airtableusercontent.com/v3/u/46/46/1760220000000/6rJFXwKkaupyi16N5nDETw/Iw7q7zwAkrBcALESmunrkE53UInDrbew0PgrcPl2kyfpVpSBJS9favw65Gkr9XREP_HWwlbsFZEUmtzGQ_wuFh-hoGb15KFHLwkDyp8_rOm9tFQNKxiHCjdx8OGEho7EXLn0PquipZXze0ejhUwkuQ/fybtHP5pPG_9TKQF7gOpjkZMRS2PCbRgh8zQpGHVL38,button:Editar infos|https://airtable.com/shrXkItsOMiCG6Y2E?prefill_Nome=A55&prefill_Tipo=Venture%20Debt&prefill_Sede=S%C3%A3o%20Paulo%2C%20Sao%20Paulo&prefill_Website=https%3A%2F%2Fa55.tech%2Fpt%2F&prefill_Setores%20%2F%20Areas%20de%20Interesse=SaaS&prefill_Est%C3%A1gio%20de%20Investimento=&prefill_Tese=Financiamento%20baseado%20em%20receitas%20previs%C3%ADveis.&prefill_Montante%20do%20Primeiro%20Cheque=,Sem foco específico em agtech,R$ 1-10M,Produto SaaS
Abseed,Early Stage VC,"São Paulo, Sao Paulo",http://abseed.com.br/,"SaaS,B2B",Investe em startups em SaaS B2B.,https://v5.airtableusercontent.com/v3/u/46/46/1760220000000/C2UcPi3jUHxDEgs_YQfN4w/HFEX9IIYcMsINz7ohgHBM2NIZayu3AmH-Z-_UR0q1cEm17ArRyBLp_DH72Vr9SoTp_Qa8O92kvwAOPQV9ceqPfQk6IMJY75JC1QXvjmEvz6mC3IS72_GGK6V3K1Sutug0at3XsIlggSWAyJJbytrXy6AZLl6lVNVSLVpxCYPX8gzKnPuX_TS66d9rJtWO9k2/C2mxtroPs4qIJCazHQM7uZhO3fTWFvDB6Fs-8y5R8CE,button:Editar infos|https://airtable.com/shrXkItsOMiCG6Y2E?prefill_Nome=Abseed&prefill_Tipo=Early%20Stage%20VC&prefill_Sede=S%C3%A3o%20Paulo%2C%20Sao%20Paulo&prefill_Website=http%3A%2F%2Fabseed.com.br%2F&prefill_Setores%20%2F%20Areas%20de%20Interesse=SaaS%2C%20B2B&prefill_Est%C3%A1gio%20de%20Investimento=&prefill_Tese=Investe%20em%20startups%20em%20SaaS%20B2B.&prefill_Montante%20do%20Primeiro%20Cheque=,Sem foco específico em agtech,R$ 500k-5M,"Modelo B2B, Produto SaaS, Estágio inicial com tração"
ACE Startups,Accelerator,"São Paulo, Sao Paulo",https://acestartups.com.br,,ACE é uma semente brasileira Stage VC e ex-time 3 Melhor Accelerator latino-americana,https://v5.airtableusercontent.com/v3/u/46/46/1760220000000/kNcA1vsGlG7GBjYtOmXjkQ/cHgWeS7Xb7qDASCgp8qQTkuZKQlkaCnQ_sQ3MmlNOa7JImxZnanHm2uYLvIOZiSVm716MjWjKRVhE4GoX-gh_zd63atuBk8vMcGp8URZb2e8djW35OIeScRxl7EJgzF240WV3l926a4DKKrxnUqTAV8Leie-heuyZHVeF2CE6Go/aaH6Ke0PSP9b7M9lwWFQDY_usqHhlzSSCtgDhIK0jW0,button:Editar infos|https://airtable.com/shrXkItsOMiCG6Y2E?prefill_Nome=ACE%20Startups&prefill_Tipo=Accelerator&prefill_Sede=S%C3%A3o%20Paulo%2C%20Sao%20Paulo&prefill_Website=https%3A%2F%2Facestartups.com.br&prefill_Setores%20%2F%20Areas%20de%20Interesse=&prefill_Est%C3%A1gio%20de%20Investimento=&prefill_Tese=ACE%20%C3%A9%20uma%20semente%20brasileira%20Stage%20VC%20e%20ex-time%203%20Melhor%20Accelerator%20latino-americana&prefill_Montante%20do%20Primeiro%20Cheque=,Sem foco específico em agtech,R$ 50-300k,Programa de aceleração
AgVenture Hub,Accelerator,Varginha MG,agventure.com.br,Agtech,"O primeiro ecossistema de inovação para o agronegócio em Minas Gerais Acelerando inovações disruptivas para alimentar o Brasil e o mundo Conexão entre startups, produtores, universidades, grandes empresas, investidores, entre outros atores do ecossistema de inovação do Agronegócio. Aceleração e investimentos em agtechs",https://v5.airtableusercontent.com/v3/u/46/46/1760220000000/8oaO5KYi2S3qSCKblM17OQ/hvnMyQwT-9mF4MNMRWpHipkM_GnRbcPrjno6-qeBWPO2LtjgGcCXqPUFB6-3CN0ebvijuOPiSy5x2IeVLU5r_Mw4igPeaDxApr1rxVP0DY5rpIs5BU317M-AMADgXNDKZ3ItQOJZXbB_uFAoFRxSbQ/WH37z7XjnfeiKyH9G6osTuja1HhYEsv5_RxwiGODvJ8,button:Editar infos|https://airtable.com/shrXkItsOMiCG6Y2E?prefill_Nome=AgVenture%20Hub&prefill_Tipo=Accelerator&prefill_Sede=Varginha%20MG&prefill_Website=agventure.com.br&prefill_Setores%20%2F%20Areas%20de%20Interesse=Agtech&prefill_Est%C3%A1gio%20de%20Investimento=&prefill_Tese=O%20primeiro%20ecossistema%20de%20inova%C3%A7%C3%A3o%20para%20o%20agroneg%C3%B3cio%20em%20Minas%20Gerais%0A%0AAcelerando%20inova%C3%A7%C3%B5es%20disruptivas%20para%20alimentar%20o%20Brasil%20e%20o%20mundo%20%0A%0AConex%C3%A3o%20entre%20startups%2C%20produtores%2C%20universidades%2C%20grandes%20empresas%2C%20investidores%2C%20entre%20outros%20atores%20do%20ecossistema%20de%20inova%C3%A7%C3%A3o%20do%20Agroneg%C3%B3cio.%0A%0AAcelera%C3%A7%C3%A3o%20e%20investimentos%20em%20agtechs%0A%0A&prefill_Montante%20do%20Primeiro%20Cheque=,Programa de aceleração com múltiplas agtechs,R$ 50-300k,"Soluções para agronegócio, Programa de aceleração"
Aimorés Investimentos,Micro VC,São Paulo,www.aimoresinvest.com.br,"B2B,Health,Retail,Software,SaaS",Fundo de investimentos com foco em Startups nos estágios Anjo e Pré-Seed.,https://v5.airtableusercontent.com/v3/u/46/46/1760220000000/XThfLinvhDxQa47Im9SJYw/Q4U7ViCUKdpW642OaOVZjOG3KkUqthe7W97ARIjPdIQvDjmHxaFlHAAsAbY61b-kqpz9xAy5EcOReB4nHhSJFEu1xzcNYDtYo_0QRMsRX816DK94r9hRwQGjc1NjX_2cjfN6b5F0w7vTkP9H394OwMn_IzYT0hWfWt9-J2dz56YlHaCXEQdqbouPmymbxhYf/UehzqWJsqdVdRnbTRRvV9OoRQAzzlWrUD4qLuiiKpuw,button:Editar infos|https://airtable.com/shrXkItsOMiCG6Y2E?prefill_Nome=Aimor%C3%A9s%20Investimentos&prefill_Tipo=Micro%20VC&prefill_Sede=S%C3%A3o%20Paulo&prefill_Website=www.aimoresinvest.com.br&prefill_Setores%20%2F%20Areas%20de%20Interesse=B2B%2C%20Health%2C%20Retail%2C%20Software%2C%20SaaS&prefill_Est%C3%A1gio%20de%20Investimento=&prefill_Tese=Fundo%20de%20investimentos%20com%20foco%20em%20Startups%20nos%20est%C3%A1gios%20Anjo%20e%20Pr%C3%A9-Seed.&prefill_Montante%20do%20Primeiro%20Cheque=,Sem foco específico em agtech,R$ 200k-1M,"Modelo B2B, Produto SaaS, Soluções para saúde"
Alexia Ventures,Early Stage VC,"São Paulo, São Paulo",www.alexia.vc,,"Alexia Ventures é uma firma de Early Stage VC focada em liderar rodadas Series A em PaaS, Saas e Data/Inteligência Artificial. Agnósticos quanto a setores, buscamos apoiar empreendedores estelares na construção de seus negócios.",https://v5.airtableusercontent.com/v3/u/46/46/1760220000000/Io-PWFYxmIjM8u-hNkOcBQ/nMbserAUI3ICNfzDvTsiT7B7GkPFqpLNSmaCCV1kJyamzL7PTPospw3NuHLNE4DvX6RU_kWyAt4hL-2aWTIn7NRloGThaBWKEtTKoEzOAqr0SHv77Dw9ddMHPtXd5e62aMAF-7ZI6v4wLVFqUM-gLQ/7JkSSFjk2Yb8KXdscQQ-rmQGuEVErEkSDSlfa_Ml1vM,button:Editar infos|https://airtable.com/shrXkItsOMiCG6Y2E?prefill_Nome=Alexia%20Ventures&prefill_Tipo=Early%20Stage%20VC&prefill_Sede=S%C3%A3o%20Paulo%2C%20S%C3%A3o%20Paulo&prefill_Website=www.alexia.vc&prefill_Setores%20%2F%20Areas%20de%20Interesse=&prefill_Est%C3%A1gio%20de%20Investimento=&prefill_Tese=Alexia%20Ventures%20%C3%A9%20uma%20firma%20de%20Early%20Stage%20VC%20focada%20em%20liderar%20rodadas%20Series%20A%20em%20PaaS%2C%20Saas%20e%20Data%2FIntelig%C3%AAncia%20Artificial.%20Agn%C3%B3sticos%20quanto%20a%20setores%2C%20buscamos%20apoiar%20empreendedores%20estelares%20na%20constru%C3%A7%C3%A3o%20de%20seus%20neg%C3%B3cios.&prefill_Montante%20do%20Primeiro%20Cheque=,Sem foco específico em agtech,R$ 500k-5M,Estágio inicial com tração
Alfa Collab,Corporate Venture Capital,"São Paulo, SP",https://alfacollab.com.br/,"Fintech,Retail,Agtech,Enterprise","O Alfa Collab é a iniciativa de inovação aberta do Conglomerado Alfa, grupo que abrange cerca de 20 empresas (dentre financeiras e não-financeiras), tais como Banco Alfa, C&C e Agropalma. O programa tem como interesses fazer negócios e investimentos em startups",https://v5.airtableusercontent.com/v3/u/46/46/1760220000000/S_Ilhvpa81Y4_QHlENMnkg/1SwDoEz6z0AAZSzf1FCz19St9V6-a32pb-6j2waSBV319vcd3R93kKLBddtxwLR2fqmiby06q-ZiiMLPr8YSU8X9EdEH3ub18dxJFiokh-dTaCP8bwLvPtkLKmmrOt9meRz_4zkotcgXKlFj4BWh-Q/SQ4YPnEJ1aVtKBNx9Q9nCEP2TqJ7J4jeQAJ1b-GFN-Q,button:Editar infos|https://airtable.com/shrXkItsOMiCG6Y2E?prefill_Nome=Alfa%20Collab&prefill_Tipo=Corporate%20Venture%20Capital&prefill_Sede=S%C3%A3o%20Paulo%2C%20SP&prefill_Website=https%3A%2F%2Falfacollab.com.br%2F&prefill_Setores%20%2F%20Areas%20de%20Interesse=Fintech%2C%20Retail%2C%20Agtech%2C%20Enterprise&prefill_Est%C3%A1gio%20de%20Investimento=&prefill_Tese=O%20Alfa%20Collab%20%C3%A9%20a%20iniciativa%20de%20inova%C3%A7%C3%A3o%20aberta%20do%20Conglomerado%20Alfa%2C%20grupo%20que%20abrange%20cerca%20de%2020%20empresas%20%28dentre%20financeiras%20e%20n%C3%A3o-financeiras%29%2C%20tais%20como%20Banco%20Alfa%2C%20C%26C%20e%20Agropalma.%20O%20programa%20tem%20como%20interesses%20fazer%20neg%C3%B3cios%20e%20investimentos%20em%20startups&prefill_Montante%20do%20Primeiro%20Cheque=,Investimentos em startups com sinergia com Agropalma,Variável,"Soluções para agronegócio, Soluções financeiras"
Allievo Capital,Micro VC,"São Paulo, Sao Paulo",https://allievocapital.com/,,Allievo Capital é uma empresa de investimento independente.,https://v5.airtableusercontent.com/v3/u/46/46/1760220000000/2UTVpmrXpVVVddIz0bM-yg/PliR6XllrqPWYeV2mmF8-P1lhVRxMGmev32WsIXmqypwGulxjFqH5OwvBZiAnz3It2bp-30TmIvvT5_kNweCgFe3LKpItWMfrClqVa3SCqXYaICK60y9VbECVhZoYoEEnfhXLtFv9XJ8j7GOBhTmwyoCy9ngbXv2uRlmuZUIq_NMsrDc1Yd338Lzz7ylfEf2vCEC7ddMCG5ajSChW-p-dg/-6nHMMqpNmiwM7eM7iUV5L3ji8NADdMMBAnYWUfSWeA,button:Editar infos|https://airtable.com/shrXkItsOMiCG6Y2E?prefill_Nome=Allievo%20Capital&prefill_Tipo=Micro%20VC&prefill_Sede=S%C3%A3o%20Paulo%2C%20Sao%20Paulo&prefill_Website=https%3A%2F%2Fallievocapital.com%2F&prefill_Setores%20%2F%20Areas%20de%20Interesse=&prefill_Est%C3%A1gio%20de%20Investimento=&prefill_Tese=Allievo%20Capital%20%C3%A9%20uma%20empresa%20de%20investimento%20independente.&prefill_Montante%20do%20Primeiro%20Cheque=,Sem foco específico em agtech,R$ 200k-1M,Inovação tecnológica
Amadeus Capital,Late Stage VC,EUA,https://www.amadeuscapital.com/,,Gestora VC de investimentos late stage,https://v5.airtableusercontent.com/v3/u/46/46/1760220000000/MRn3_tDRIba1Or6Mux-Tvg/qym30smg4o0VkDsau0oIfPG1fLcaroTsN4WCKEP_BPHKpmyP1I6svMMZr8vHa9t-llragRE-1wFKZYyevr6lWstsDYyXJWlzPiR2EVTsJMCgBkSbDY47oMugJjCrMTuIvzVZDqL6nUHDu8X2bJnEhpP9j4zivuC3Rix0rfj-CUswzT0UVdXsuGVev2gG5af8/g58LFCqxqoqrH7W3Wq7Wwz54ECt_qePpOHzPEACejzQ,button:Editar infos|https://airtable.com/shrXkItsOMiCG6Y2E?prefill_Nome=Amadeus%20Capital&prefill_Tipo=Late%20Stage%20VC&prefill_Sede=EUA&prefill_Website=https%3A%2F%2Fwww.amadeuscapital.com%2F&prefill_Setores%20%2F%20Areas%20de%20Interesse=&prefill_Est%C3%A1gio%20de%20Investimento=&prefill_Tese=Gestora%20VC%20de%20investimentos%20late%20stage&prefill_Montante%20do%20Primeiro%20Cheque=,Sem foco específico em agtech,US$ 5-50M,Empresa em crescimento
Anjos do Brasil,Angel Group,"São Paulo, Sao Paulo",http://www.anjosdobrasil.net,,Anjo de rede Investidor Brasileiro,https://v5.airtableusercontent.com/v3/u/46/46/1760220000000/64caCqauypc3Gy6XJUoGcQ/yG25s2IqKihMo4G4EqmUa9J9iTJcX2GfmiNuNYm2OlXoIrdf99ZE5s2nKeOnGAbgOn9rLt3x5CyTYhaS9K8_t7Jn8B8tW5Kd0bFIeI5RSieRIuq8USYmwHKSddDZ8p_63ATCw-N5Yi-X1iPSiCjVosQRokJy58GZi75qWtouLzM/USnLAtlFlu6Mw_Nclws_lc_LWjwLuh_A4PbxxiAky9I,button:Editar infos|https://airtable.com/shrXkItsOMiCG6Y2E?prefill_Nome=Anjos%20do%20Brasil&prefill_Tipo=Angel%20Group&prefill_Sede=S%C3%A3o%20Paulo%2C%20Sao%20Paulo&prefill_Website=http%3A%2F%2Fwww.anjosdobrasil.net&prefill_Setores%20%2F%20Areas%20de%20Interesse=&prefill_Est%C3%A1gio%20de%20Investimento=&prefill_Tese=Anjo%20de%20rede%20Investidor%20Brasileiro&prefill_Montante%20do%20Primeiro%20Cheque=,Sem foco específico em agtech,R$ 50-200k,Inovação tecnológica
Antera Gestão de Recursos,Early Stage VC,"Rio de Janeiro, RJ",www.anteragr.com.br,,"Fundada em 2005, venceu o edital publico do BNDES para gerir o Fundo Criatec em 2007 e o edital publico da FINEP para gerir o Fundo Primatec em 2013. Executou 48 investimentos e 30 saídas ao longo dos últimos 15 anos, todos em empresas inovadores em estágios iniciais do ciclo de negócios. Focada na criação de valor através da ciência e tecnologias brasileiras foi pioneira na construção da pratica do capital empreendedor no Brasil. Promove  impacto através de resultados econômicos, sociais e ambientais e desenvolvimento econômico através do investimento em pequenas empresas administradas pelo setor privado que ousem quebrar paradigmas.",https://v5.airtableusercontent.com/v3/u/46/46/1760220000000/jwZy9VIA8r51mX4oHnKNrA/Of-B2Y98qaI-_87dsK2MagmHS9NXCh4_ZJHGL_pKwIwGfX1Pf-N8Flt1Ag4yEIVSNng2LDtPqe0V0z7v1frLjREUr70nb61DWOLp0Y8KUX97aMoUJBQT8vOOr_ObQNJ204U7Bc4svzyD35OrDzgvjx_h1QP4bYmT8CFAhA_ANf6qtq5k2sQFJlUP-6eIVDsK/Wqrtn6HZAx2yPMJP0R36gSwOvG-qJthPx-CLmywbYyc,button:Editar infos|https://airtable.com/shrXkItsOMiCG6Y2E?prefill_Nome=Antera%20Gest%C3%A3o%20de%20Recursos&prefill_Tipo=Early%20Stage%20VC&prefill_Sede=Rio%20de%20Janeiro%2C%20RJ&prefill_Website=www.anteragr.com.br&prefill_Setores%20%2F%20Areas%20de%20Interesse=&prefill_Est%C3%A1gio%20de%20Investimento=&prefill_Tese=Fundada%20em%202005%2C%20venceu%20o%20edital%20publico%20do%20BNDES%20para%20gerir%20o%20Fundo%20Criatec%20em%202007%20e%20o%20edital%20publico%20da%20FINEP%20para%20gerir%20o%20Fundo%20Primatec%20em%202013.%20Executou%2048%20investimentos%20e%2030%20sa%C3%ADdas%20ao%20longo%20dos%20%C3%BAltimos%2015%20anos%2C%20todos%20em%20empresas%20inovadores%20em%20est%C3%A1gios%20iniciais%20do%20ciclo%20de%20neg%C3%B3cios.%20Focada%20na%20cria%C3%A7%C3%A3o%20de%20valor%20atrav%C3%A9s%20da%20ci%C3%AAncia%20e%20tecnologias%20brasileiras%20foi%20pioneira%20na%20constru%C3%A7%C3%A3o%20da%20pratica%20do%20capital%20empreendedor%20no%20Brasil.%20Promove%20%20impacto%20atrav%C3%A9s%20de%20resultados%20econ%C3%B4micos%2C%20sociais%20e%20ambientais%20e%20desenvolvimento%20econ%C3%B4mico%20atrav%C3%A9s%20do%20investimento%20em%20pequenas%20empresas%20administradas%20pelo%20setor%20privado%20que%20ousem%20quebrar%20paradigmas.%20&prefill_Montante%20do%20Primeiro%20Cheque=,Sem foco específico em agtech,R$ 500k-5M,Estágio inicial com tração
Astella Investimentos,Early Stage VC,"São Paulo, Sao Paulo",https://astellainvest.com/,,VC agnóstico que investe em Startups em estágio seed e Series-A.,https://v5.airtableusercontent.com/v3/u/46/46/1760220000000/6tDzRF7Q4iFIvtBx9KrEmg/6zhYAKUho69zcjPJS5qfySPCp9NiltPbwNc6RKBPbGOyKvyKYI0KuEAN8zHXZYK0HmrAqke86vPv1E5_U0Ljr3MBXuKULZ3_5HBmVNBhLJNCeYay6evVUnxqGsqGtRwy3WNus67gc5uCM5OK_wH5Me1L3y8BX0xYbUXiknHqhUI/AgA1zTWTyAd2mQdteQULLfZ9NFAiAxhgVC3PFvXaJJk,button:Editar infos|https://airtable.com/shrXkItsOMiCG6Y2E?prefill_Nome=Astella%20Investimentos&prefill_Tipo=Early%20Stage%20VC&prefill_Sede=S%C3%A3o%20Paulo%2C%20Sao%20Paulo&prefill_Website=https%3A%2F%2Fastellainvest.com%2F&prefill_Setores%20%2F%20Areas%20de%20Interesse=&prefill_Est%C3%A1gio%20de%20Investimento=&prefill_Tese=VC%20agn%C3%B3stico%20que%20investe%20em%20Startups%20em%20est%C3%A1gio%20seed%20e%20Series-A.&prefill_Montante%20do%20Primeiro%20Cheque=,Sem foco específico em agtech,R$ 500k-5M,Estágio inicial com tração
Atlantico,Late Stage VC,"São Paulo, Brasil",https://www.linkedin.com/company/atlanticopartners/,,"Fundo Venture Capital focado em estágio Growth que investe em empresas da América Latina. O Atlantico foi criado pelo Julio Vasconcellos, fundador do Peixe Urbano e também um dos co-fundadores do Canary.",https://v5.airtableusercontent.com/v3/u/46/46/1760220000000/DvG6Tl_cnfVolQMAeWxuZg/p4Sp-F66vLF6d14GiNYv8wO1k6VA2QNml3ZJb3vD0UDzOqSv2juIdV3b2AXKhrvp74tQGKjJ6XOhBmLrDuHNU10BDB47Y4IpR1jayL4CRmJoJ3EpBmCza9zitCtNFcza/Z6Pd_ChPFYwW9fkZeC4T7dEF_bt6_SSPsAZusqb9LMY,button:Editar infos|https://airtable.com/shrXkItsOMiCG6Y2E?prefill_Nome=Atlantico&prefill_Tipo=Late%20Stage%20VC&prefill_Sede=S%C3%A3o%20Paulo%2C%20Brasil&prefill_Website=https%3A%2F%2Fwww.linkedin.com%2Fcompany%2Fatlanticopartners%2F&prefill_Setores%20%2F%20Areas%20de%20Interesse=&prefill_Est%C3%A1gio%20de%20Investimento=&prefill_Tese=Fundo%20Venture%20Capital%20focado%20em%20est%C3%A1gio%20Growth%20que%20investe%20em%20empresas%20da%20Am%C3%A9rica%20Latina.%20O%20Atlantico%20foi%20criado%20pelo%20Julio%20Vasconcellos%2C%20fundador%20do%20Peixe%20Urbano%20e%20tamb%C3%A9m%20um%20dos%20co-fundadores%20do%20Canary.&prefill_Montante%20do%20Primeiro%20Cheque=,Sem foco específico em agtech,US$ 5-50M,Empresa em crescimento
Axon Ventures,Corporate Venture Capital,"São Paulo, Sao Paulo",,Health,Um fundo de Corporate Venture Capital da Eurofarma,https://v5.airtableusercontent.com/v3/u/46/46/1760220000000/mqC0zdwEySsnxpLf_58wGw/-KXA3Su25X4GRJBv6u4NOwAQ5klUi2HIV_NHMsj6fGVXAXc1z1MR-OxEVQfKEdxdI5Xj-eR9c8c0UesmKWxR33zVbrV3l6d0BDrX5zws-bkepcss4rJPCuFiiPdSOOseijpyOrrM6bYWnN2HOkk7F09obeqQ6U2kWEt4U5CGnlaqSO-ApgsUnaY84RDqettAKN_Tp0WHgsZ364-lfXH3Jw/fApyxO8IKb8kFbcjsR-NgvhGAgQMOSoFEApI0fQnZcs,button:Editar infos|https://airtable.com/shrXkItsOMiCG6Y2E?prefill_Nome=Axon%20Ventures&prefill_Tipo=Corporate%20Venture%20Capital&prefill_Sede=S%C3%A3o%20Paulo%2C%20Sao%20Paulo&prefill_Website=&prefill_Setores%20%2F%20Areas%20de%20Interesse=Health&prefill_Est%C3%A1gio%20de%20Investimento=&prefill_Tese=Um%20fundo%20de%20Corporate%20Venture%20Capital%20da%20Eurofarma&prefill_Montante%20do%20Primeiro%20Cheque=,Sem foco específico em agtech,Variável,Soluções para saúde
B2in,Corporate Venture Capital,"Porto Alegra, Rio Grande do Sul",http://www.b2in.com/,,Braço de Corporate Venture da rede varejista Lojas Lebes.,https://v5.airtableusercontent.com/v3/u/46/46/1760220000000/rGJK2k-wdHeR6V4maS9tlw/nLPzDBU0_cASaW2ZqbATzd2GAPMd4sYhvo-RCu3tq5loP0IHjtPWwfPodNgHD0d3njnZZrIDmvDxjJpk5oJCzucVgCJDE-bCNHwmhRK-7b23G1BZpVkE84w_Qo84lelgYUwieWXC6VrjxJElf16ewYizmbJqzHg7j5n3LZ7TWeVd9kmJFAy8ID1_XlJ0eQ9o/ypASZPayx2pCK0SiTssI9gUoccFmodoJJ-DR7mc4dcw,button:Editar infos|https://airtable.com/shrXkItsOMiCG6Y2E?prefill_Nome=B2in&prefill_Tipo=Corporate%20Venture%20Capital&prefill_Sede=Porto%20Alegra%2C%20Rio%20Grande%20do%20Sul&prefill_Website=http%3A%2F%2Fwww.b2in.com%2F&prefill_Setores%20%2F%20Areas%20de%20Interesse=&prefill_Est%C3%A1gio%20de%20Investimento=&prefill_Tese=Bra%C3%A7o%20de%20Corporate%20Venture%20da%20rede%20varejista%20Lojas%20Lebes.&prefill_Montante%20do%20Primeiro%20Cheque=,Sem foco específico em agtech,Variável,Inovação tecnológica
Baita Accelerator,Accelerator,"Campinas, São Paulo",http://www.baita.ac/,,Baita é uma aceleradora de inicialização.,https://v5.airtableusercontent.com/v3/u/46/46/1760220000000/ixqb35PrwWYHRfFLurPkzw/4EKWMYXSuxm4ZhaY3Fex0yO3KpDoMABs4yxI-diJnkUnx1cmjS_g9ApTYYLx8Mw1sy8CtIO3zcZ-fkZIIUsg0snC9LBIj_XmcowMFyZ0hfDUkulhKUBZrADV6ClXi-cI1QV_hXGcZ-LIolX7Yx1zo70RNfwM79NykNgxzugVsc4_FBPXBqrOOP63DZAFa-TEhzyEu_-QCJQFB24OcSpVlQ/w3HFWCmIMoxmLYXkwa0ClZkGibm13YiUQL_k0BWQMoo,button:Editar infos|https://airtable.com/shrXkItsOMiCG6Y2E?prefill_Nome=Baita%20Accelerator&prefill_Tipo=Accelerator&prefill_Sede=Campinas%2C%20S%C3%A3o%20Paulo&prefill_Website=http%3A%2F%2Fwww.baita.ac%2F&prefill_Setores%20%2F%20Areas%20de%20Interesse=&prefill_Est%C3%A1gio%20de%20Investimento=&prefill_Tese=Baita%20%C3%A9%20uma%20aceleradora%20de%20inicializa%C3%A7%C3%A3o.&prefill_Montante%20do%20Primeiro%20Cheque=,Sem foco específico em agtech,R$ 50-300k,Programa de aceleração
Barn Investments,Early Stage VC,"São Paulo, Sao Paulo",http://www.barninvest.com.br,,Barn Investments é uma empresa de venture capital boutique que investe principalmente no Brasil e Latam.,https://v5.airtableusercontent.com/v3/u/46/46/1760220000000/XynNZcLh6yn4Ibby4u3UiQ/NnGNagiZ37LYPM7qo1M6hOAf9nycvF2_F8iQ2CJn21eLekLwWBktzHML_OLuG6s_jzSARemhFfVAnLDqiY8pGvf_XZlXfMRBPSMLfi6qVwCxrWW33a6hnWo7HPIdU4iRQ_hpUKVdQam7GNJXHb5LPmaa1XmiKwIKYJzspshYMFY/p9tIkM136QJyFlT5eVKcGMO0-xz7ZgkCFOI3aArEtmk,button:Editar infos|https://airtable.com/shrXkItsOMiCG6Y2E?prefill_Nome=Barn%20Investments&prefill_Tipo=Early%20Stage%20VC&prefill_Sede=S%C3%A3o%20Paulo%2C%20Sao%20Paulo&prefill_Website=http%3A%2F%2Fwww.barninvest.com.br&prefill_Setores%20%2F%20Areas%20de%20Interesse=&prefill_Est%C3%A1gio%20de%20Investimento=&prefill_Tese=Barn%20Investments%20%C3%A9%20uma%20empresa%20de%20venture%20capital%20boutique%20que%20investe%20principalmente%20no%20Brasil%20e%20Latam.&prefill_Montante%20do%20Primeiro%20Cheque=,Sem foco específico em agtech,R$ 500k-5M,Estágio inicial com tração
Big Bets,Early Stage VC,Brasil,https://www.bigbets.com.br/,,Investidores de venture capital focados nos estágios pre-seed e seed.,https://v5.airtableusercontent.com/v3/u/46/46/1760220000000/JBC4Lv2ywqQHpivVNSAqZA/9tIK0lxPV1TOUck1WNUqM0PKWBslayg3X1WNIfx6FnW_aU8t2F2rVX5D0InTOcrayw4D6HdxU_USU18RNLXjiEblbhbk06mbgNfqG0V4UtBhkZ59Tq8bVpYQ_VuEHgjLgEFwcUhQEj6De7lpKiZ9NxG1BCPumDmcilubWmo-mBu133--jXd7OSYQ2pJHm68LdcqfBB-VUlfoM98sy2PbGw/DZx6I1ta5_sTppXKxmNXO8Rh0r3yVHByD_VU0rK-S4Y,button:Editar infos|https://airtable.com/shrXkItsOMiCG6Y2E?prefill_Nome=Big%20Bets&prefill_Tipo=Early%20Stage%20VC&prefill_Sede=Brasil&prefill_Website=https%3A%2F%2Fwww.bigbets.com.br%2F&prefill_Setores%20%2F%20Areas%20de%20Interesse=&prefill_Est%C3%A1gio%20de%20Investimento=&prefill_Tese=Investidores%20de%20venture%20capital%20focados%20nos%20est%C3%A1gios%20pre-seed%20e%20seed.&prefill_Montante%20do%20Primeiro%20Cheque=,Sem foco específico em agtech,R$ 500k-5M,Estágio inicial com tração
Bio Energy Ventures,Venture Builder,"Sertãozinho, São Paulo",https://bioenergy.ventures/,"Agtech,Energy","Somos a Primeira Venture Builder do setor do Bioenergia, buscamos soluções inovadoras em três pilares: ALIMENTO: Otimização e desenvolvimento de novos produtos provenientes da cadeia sucroenergética (açucares, graos, carne, etc.) BIOENERGIA: Otimização e desenvolvimento de soluções para geração e consumo eficiente de energia de fontes renováveis (biomassa, biogás, solar, hidrogênio, etc.) BIOPRODUTOS: Otimização e desenvolvimento de bioprodutos oriundos da cadeia sucroenergética (polímeros, enzimas, aminoácidos, vitaminas, proteínas, aditivos alimentares, etc.)",https://v5.airtableusercontent.com/v3/u/46/46/1760220000000/jDKATAa1JoFcHL9k193GIw/phbsva5IyivmYyoT6bIiGxA4gzdxSRSVwCjg4WwGv9q7R0-MJ7oyPRpAti3gktiRDUCeRrdVrWH6qnW2msRuimGyyHe1-CNAAX-J9wXC9p9CzW-iuH_YJXY1ieGPtGMfqzASzT74J9au6ddllMAZYuapf09hPYFsQZL-VER-9PQ/nrUj-F4ePRgUEECf0zDVGJTzGppgNGLmlGH5_yUs1wc,button:Editar infos|https://airtable.com/shrXkItsOMiCG6Y2E?prefill_Nome=Bio%20Energy%20Ventures&prefill_Tipo=Venture%20Builder&prefill_Sede=Sert%C3%A3ozinho%2C%20S%C3%A3o%20Paulo&prefill_Website=https%3A%2F%2Fbioenergy.ventures%2F&prefill_Setores%20%2F%20Areas%20de%20Interesse=Agtech%2C%20Energy&prefill_Est%C3%A1gio%20de%20Investimento=1.%20Ideia%20%2F%20Patente%20%2C%202.%20MVP%2C%203.%20Primeiras%20receitas%2C%204.%20Em%20escala%20%28Series%20A%29%2C%20%225.%20Growth%20Stage%20%28Series%20B%2C%20C%20e%20D%29%22&prefill_Tese=Somos%20a%20Primeira%20Venture%20Builder%20do%20setor%20do%20Bioenergia%2C%20buscamos%20solu%C3%A7%C3%B5es%20inovadoras%20em%20tr%C3%AAs%20pilares%3A%0AALIMENTO%3A%20Otimiza%C3%A7%C3%A3o%20e%20desenvolvimento%20de%20novos%20produtos%20provenientes%20da%20cadeia%20sucroenerg%C3%A9tica%20%28a%C3%A7ucares%2C%20graos%2C%20carne%2C%20etc.%29%0ABIOENERGIA%3A%20Otimiza%C3%A7%C3%A3o%20e%20desenvolvimento%20de%20solu%C3%A7%C3%B5es%20para%20gera%C3%A7%C3%A3o%20e%20consumo%20eficiente%20de%20energia%20de%20fontes%20renov%C3%A1veis%20%28biomassa%2C%20biog%C3%A1s%2C%20solar%2C%20hidrog%C3%AAnio%2C%20etc.%29%0ABIOPRODUTOS%3A%20Otimiza%C3%A7%C3%A3o%20e%20desenvolvimento%20de%20bioprodutos%20oriundos%20da%20cadeia%20sucroenerg%C3%A9tica%20%28pol%C3%ADmeros%2C%20enzimas%2C%20amino%C3%A1cidos%2C%20vitaminas%2C%20prote%C3%ADnas%2C%20aditivos%20alimentares%2C%20etc.%29&prefill_Montante%20do%20Primeiro%20Cheque=At%C3%A9%20R%24%20500%20mil,Múltiplas startups na cadeia sucroenergética,R$ 200k-2M,Soluções para agronegócio
Booming Tech Hub,Early Stage VC,"R. do Carmo, 71 - Centro, Rio de Janeiro - RJ, 20011-020",booming.vc,"Agtech,B2B,Construtech,Deep Tech,Fintech,Health,Retail,SaaS,Software,Logistics,Energy",Hub de tecnologia que desenvolve Startups por meio de três pilares: braço de TI; investimento Smart Money e conexão com o mercado corporativo. Investimos no estágio seed.,https://v5.airtableusercontent.com/v3/u/46/46/1760220000000/7K95eGkcDU-Yqc73EmOJjA/CmX7SvdfA18jWavb1552gfcQtjUuZn4Zw6EniZAkePCkDVXAUVpW4XNCEY2qm3JJ3Hr5-tv1ZD_7TuRCC0Db-BlGatdWmcUWZdSxM9uvazhXYORBp40LGP6PvBgEet5aVpKP2gUN008TSqawZ-S0Q5Wm02RY1lpJRVoDMjcfrfUHNQUHe8lL4w9fo4R2X7bj/ajt1qdStulRH3sw16DFxQGLmvvGIDxFSWSM-Doz5S8g,button:Editar infos|https://airtable.com/shrXkItsOMiCG6Y2E?prefill_Nome=Booming%20Tech%20Hub%20&prefill_Tipo=Early%20Stage%20VC&prefill_Sede=R.%20do%20Carmo%2C%2071%20-%20Centro%2C%20Rio%20de%20Janeiro%20-%20RJ%2C%2020011-020&prefill_Website=booming.vc&prefill_Setores%20%2F%20Areas%20de%20Interesse=Agtech%2C%20B2B%2C%20Construtech%2C%20Deep%20Tech%2C%20Fintech%2C%20Health%2C%20Retail%2C%20SaaS%2C%20Software%2C%20Logistics%2C%20Energy&prefill_Est%C3%A1gio%20de%20Investimento=&prefill_Tese=Hub%20de%20tecnologia%20que%20desenvolve%20Startups%20por%20meio%20de%20tr%C3%AAs%20pilares%3A%20bra%C3%A7o%20de%20TI%3B%20investimento%20Smart%20Money%20e%20conex%C3%A3o%20com%20o%20mercado%20corporativo.%20Investimos%20no%20est%C3%A1gio%20seed.&prefill_Montante%20do%20Primeiro%20Cheque=,Investimentos em agtechs no estágio seed,R$ 500k-5M,"Soluções para agronegócio, Modelo B2B, Produto SaaS, Soluções financeiras, Soluções para saúde, Estágio inicial com tração"
Boostlab,Early Stage VC,"São Paulo, Sao Paulo",http://www.btgpactual.com,Fintech,Braço de Corporate Venture do banco BTG Pactual.,https://v5.airtableusercontent.com/v3/u/46/46/1760220000000/sVflQfmINgWB9McwGt-pZw/8FgqRVZ9Cl1m6_ZijKmgno5arzta2zmWl-kQ3l_LVMzfcJZBMRXBTdyBjTKHph8bNPVASOirBNee0B6XqPCYRPj_RTDMV4qPOL4Rj0PgtngrMvffC_Og58IsU3j9r8fYQnZKKvhyl66DNhqlGD_h-ltGUYke4Tc7P-1AuWp8SCPfjY-gS6gwAjMWi_rIJ_Ue/lCMQKTkU6TPFcIe-nVmnr7_GpfdIMDkXSlTnH1xLJy4,button:Editar infos|https://airtable.com/shrXkItsOMiCG6Y2E?prefill_Nome=Boostlab&prefill_Tipo=Early%20Stage%20VC&prefill_Sede=S%C3%A3o%20Paulo%2C%20Sao%20Paulo&prefill_Website=http%3A%2F%2Fwww.btgpactual.com&prefill_Setores%20%2F%20Areas%20de%20Interesse=Fintech&prefill_Est%C3%A1gio%20de%20Investimento=&prefill_Tese=Bra%C3%A7o%20de%20Corporate%20Venture%20do%20banco%20BTG%20Pactual.&prefill_Montante%20do%20Primeiro%20Cheque=,Sem foco específico em agtech,R$ 500k-5M,"Soluções financeiras, Estágio inicial com tração"
Bossa Nova Investimentos,Micro VC,"São Paulo, Sao Paulo",http://www.bossainvest.com/,,Investimentos Bossa Nova é uma brasileira Micro-VC focada no pré-sementes empresas de tecnologia palco.,https://v5.airtableusercontent.com/v3/u/46/46/1760220000000/BIdiqgsG51Ev86qnY0Pjtg/iPr8sumsaCARydH-7BrIKKik8_mZDoVWowbrxXjFO2GAZj6IqADuG1oqQzPRQFclyo4X9hwiMPwaOOSxKW5EmMgGy83bRyh33Hi8K5wOD4bOtUjv6UNKGY1BSEKTVcyWW2upLXWRXtEsg8-hXnkTnXwIs80XlkaHK69XtqymEoM/ek9ttXX8qaKZ714T8RKDxPaR2ywQ52yT3y_oxV5o9J8,button:Editar infos|https://airtable.com/shrXkItsOMiCG6Y2E?prefill_Nome=Bossa%20Nova%20Investimentos&prefill_Tipo=Micro%20VC&prefill_Sede=S%C3%A3o%20Paulo%2C%20Sao%20Paulo&prefill_Website=http%3A%2F%2Fwww.bossainvest.com%2F&prefill_Setores%20%2F%20Areas%20de%20Interesse=&prefill_Est%C3%A1gio%20de%20Investimento=&prefill_Tese=Investimentos%20Bossa%20Nova%20%C3%A9%20uma%20brasileira%20Micro-VC%20focada%20no%20pr%C3%A9-sementes%20empresas%20de%20tecnologia%20palco.&prefill_Montante%20do%20Primeiro%20Cheque=,Sem foco específico em agtech,R$ 200k-1M,Inovação tecnológica
BR ANGELS,Micro VC,"Rua Funchal, nº 538 - 15º andar, Vila Olímpia, CEP 04551-060, São Paulo/SP",http://www.brangels.global,"Fintech,Agtech,B2B,Construtech,Health,Manufacturing,Proptech,SaaS,Retail","O BR Angels é uma associação privada, sem fins lucrativos, constituída por um número limitado de associados, pessoas físicas e jurídicas, com o propósito de promover o desenvolvimento de startups. Os associados são formados por CEOs e empreendedores, onde o uso do SMART  (capital intelectual, networking, etc) é o principal foco com  objetivo de ajudar as startups investidas a ter crescimento e sucesso exponencial.",https://v5.airtableusercontent.com/v3/u/46/46/1760220000000/3ecZqGYFHv1-vAN89jknsw/eklUP3zr5O73mlcBDI9NpxvSIew0_0p2T99PzWjvK2RysVkr86ml1Br_jWVUG5c6T_IWdgxeFd_5QAx6GrVWpuTiAlXQL3j65fShtLEhS4v22EjqxQWA54GQk4jwHcTrel_Nmxeb1-5ccKu81T6-Jw/UbefRf7bBi-ZMLDKYVi4EcUk8i7Zrfzsx0sdCDrgc28,button:Editar infos|https://airtable.com/shrXkItsOMiCG6Y2E?prefill_Nome=BR%20ANGELS&prefill_Tipo=Micro%20VC&prefill_Sede=Rua%20Funchal%2C%20n%C2%BA%20538%20-%2015%C2%BA%20andar%2C%20Vila%20Ol%C3%ADmpia%2C%20CEP%2004551-060%2C%20S%C3%A3o%20Paulo%2FSP&prefill_Website=http%3A%2F%2Fwww.brangels.global&prefill_Setores%20%2F%20Areas%20de%20Interesse=Fintech%2C%20Agtech%2C%20B2B%2C%20Construtech%2C%20Health%2C%20Manufacturing%2C%20Proptech%2C%20SaaS%2C%20Retail&prefill_Est%C3%A1gio%20de%20Investimento=&prefill_Tese=O%20BR%20Angels%20%C3%A9%20uma%20associa%C3%A7%C3%A3o%20privada%2C%20sem%20fins%20lucrativos%2C%20constitu%C3%ADda%20por%20um%20n%C3%BAmero%20limitado%20de%20associados%2C%20pessoas%20f%C3%ADsicas%20e%20jur%C3%ADdicas%2C%20com%20o%20prop%C3%B3sito%20de%20promover%20o%20desenvolvimento%20de%20startups.%20%0A%0AOs%20associados%20s%C3%A3o%20formados%20por%20CEOs%20e%20empreendedores%2C%20onde%20o%20uso%20do%20SMART%20%20%28capital%20intelectual%2C%20networking%2C%20etc%29%20%C3%A9%20o%20principal%20foco%20com%20%20objetivo%20de%20ajudar%20as%20startups%20investidas%20a%20ter%20crescimento%20e%20sucesso%20exponencial.&prefill_Montante%20do%20Primeiro%20Cheque=,Investimentos em agtechs com foco em crescimento exponencial,R$ 200k-1M,"Soluções para agronegócio, Modelo B2B, Produto SaaS, Soluções financeiras, Soluções para saúde"
Brasil Ventures Debt,Venture Debt,"São Paulo, Sao Paulo",https://www.brasilventuredebt.com.br/,,Fundo de Venture Debt.,https://v5.airtableusercontent.com/v3/u/46/46/1760220000000/IrxR74PlsOtviAo4IvmOsA/60kpv8U4QDmVa3JaHAnit7yIkprn47JfsyvJnYcx5Anixld1m-V8PsikXQwIjxh8uLi8SYY0ttaqzDrwF7QTxTeBsL1jQwGC9620VPCOJ6pIADi4f9p9R-gnkNkTFvbbsU3NkGkEwVncKgxEfOG5l7YOO4SoSi8P36-c59t100s/HuwMq-dtH7jKH47tzFfGRtymT3BtzeNBYjfuzwKrYCA,button:Editar infos|https://airtable.com/shrXkItsOMiCG6Y2E?prefill_Nome=Brasil%20Ventures%20Debt&prefill_Tipo=Venture%20Debt&prefill_Sede=S%C3%A3o%20Paulo%2C%20Sao%20Paulo&prefill_Website=https%3A%2F%2Fwww.brasilventuredebt.com.br%2F&prefill_Setores%20%2F%20Areas%20de%20Interesse=&prefill_Est%C3%A1gio%20de%20Investimento=&prefill_Tese=Fundo%20de%20Venture%20Debt.&prefill_Montante%20do%20Primeiro%20Cheque=,Sem foco específico em agtech,R$ 1-10M,Inovação tecnológica
Brazil VC,Micro VC,"São Paulo, Sao Paulo",http://brazilventurecapital.net/,,Micro VC de LPs japoneses.,https://v5.airtableusercontent.com/v3/u/46/46/1760220000000/g03ZK0m3C92LTZ4v6eOxZQ/mRp1280hELSOlZ-Bf_OseJdk_FEMFt67iS_23xJ9ZHsre_zTM-_KPw4IrhRLsZG53x2b_dB70R-VPrv0yUAe6iYQ0P3uuJEF-M0abXjWnImEmxu28lDlraPtAhL8tF8yoMWCxg39NOEGrP7k__qjyWvL5QYFn-vMqLK-uyG5pAafjLz5hb6q1wbI60CVcpbE/VjcDo8vnFAaYEyxhle8JjktZ64NjoWaoFpGkvAet10Q,button:Editar infos|https://airtable.com/shrXkItsOMiCG6Y2E?prefill_Nome=Brazil%20VC&prefill_Tipo=Micro%20VC&prefill_Sede=S%C3%A3o%20Paulo%2C%20Sao%20Paulo&prefill_Website=http%3A%2F%2Fbrazilventurecapital.net%2F&prefill_Setores%20%2F%20Areas%20de%20Interesse=&prefill_Est%C3%A1gio%20de%20Investimento=&prefill_Tese=Micro%20VC%20de%20LPs%20japoneses.&prefill_Montante%20do%20Primeiro%20Cheque=,Sem foco específico em agtech,R$ 200k-1M,Inovação tecnológica
Bridge Brazil,Venture Builder,São Paulo,http://www.bridgebrazil.com.br/,"Agtech,Construtech,Health,B2B,Fintech,Hardware,Proptech,Retail,SaaS,Logistics,Software,CyberSecurity,Energy",A Bridge Brazil nasceu no coração da FCJ São Paulo para selecionar startups brasileiras promissoras cuja solução seja internacionalizável ou startups estrangeiras promissoras que queiram vir para a América Latina usando o Brasil como ponte. Início das operações em janeiro de 2019. Para ser uma startup do portfólio da Bridge Brazil ela precisa pensar global. Nossas startups ou nasceram no Brasil para ganhar o mundo ou nasceram em algum ecossistema fora do Brazil e vêm São Paulo como a ponte para o próximo passo rumo à globalização. Priorizamos startups B2B ou B2B2C. Também buscamos solução e modelo de negócios possam ter um fit com o conhecimento e network de nossos investidores e mentores bem como usufruir do tamanho e diversidade do mercado de São Paulo.,https://v5.airtableusercontent.com/v3/u/46/46/1760220000000/7m_RBFGxBLbNhH6SGsrbmg/eP0_N9vzvwd_sQDAzFk-1ks4JOHKUGZfOUl28jQ2s0vXuE4QU2b-LtwciBE-l9LfJ2NVNItBhPGsbnu5he6Bzk5bdw-6-Jku2vt_c6ONkZ0bUjRh9btfjihK4nswwpBZqe74bHil0sbdemMOeHzXNMe_AchRLmlaMkEZn2Gksbk/F2szdWLtCS4iRTXv9b1ZyVAAtf0sYKeo5BB3s3sDNOY,button:Editar infos|https://airtable.com/shrXkItsOMiCG6Y2E?prefill_Nome=Bridge%20Brazil&prefill_Tipo=Venture%20Builder&prefill_Sede=S%C3%A3o%20Paulo%20&prefill_Website=http%3A%2F%2Fwww.bridgebrazil.com.br%2F&prefill_Setores%20%2F%20Areas%20de%20Interesse=Agtech%2C%20Construtech%2C%20Health%2C%20B2B%2C%20Fintech%2C%20Hardware%2C%20Proptech%2C%20Retail%2C%20SaaS%2C%20Logistics%2C%20Software%2C%20CyberSecurity%2C%20Energy&prefill_Est%C3%A1gio%20de%20Investimento=&prefill_Tese=A%20Bridge%20Brazil%20nasceu%20no%20cora%C3%A7%C3%A3o%20da%20FCJ%20S%C3%A3o%20Paulo%20para%20selecionar%20startups%20brasileiras%20promissoras%20cuja%20solu%C3%A7%C3%A3o%20seja%20internacionaliz%C3%A1vel%20ou%20startups%20estrangeiras%20promissoras%20que%20queiram%20vir%20para%20a%20Am%C3%A9rica%20Latina%20usando%20o%20Brasil%20como%20ponte.%20In%C3%ADcio%20das%20opera%C3%A7%C3%B5es%20em%20janeiro%20de%202019.%0A%0APara%20ser%20uma%20startup%20do%20portf%C3%B3lio%20da%20Bridge%20Brazil%20ela%20precisa%20pensar%20global.%20Nossas%20startups%20ou%20nasceram%20no%20Brasil%20para%20ganhar%20o%20mundo%20ou%20nasceram%20em%20algum%20ecossistema%20fora%20do%20Brazil%20e%20v%C3%AAm%20S%C3%A3o%20Paulo%20como%20a%20ponte%20para%20o%20pr%C3%B3ximo%20passo%20rumo%20%C3%A0%20globaliza%C3%A7%C3%A3o.%20Priorizamos%20startups%20B2B%20ou%20B2B2C.%20Tamb%C3%A9m%20buscamos%20solu%C3%A7%C3%A3o%20e%20modelo%20de%20neg%C3%B3cios%20possam%20ter%20um%20fit%20com%20o%20conhecimento%20e%20network%20de%20nossos%20investidores%20e%20mentores%20bem%20como%20usufruir%20do%20tamanho%20e%20diversidade%20do%20mercado%20de%20S%C3%A3o%20Paulo.&prefill_Montante%20do%20Primeiro%20Cheque=,Startups B2B internacionalizáveis incluindo agtechs,R$ 200k-2M,"Soluções para agronegócio, Modelo B2B, Produto SaaS, Soluções financeiras, Soluções para saúde"
Bridge One,Early Stage VC,"São Paulo, Sao Paulo",https://www.bridgeone.cc/,,Brigde One é uma empresa de capital de risco brasileira focada em empresas de alto crescimento de software B2B.,https://v5.airtableusercontent.com/v3/u/46/46/1760220000000/ADZ3qsteWnO-OKTkhsWQ1Q/qQWFhGMuPyOHK4s8aRigE1ur0uQavlwPFYB1Xh7xNBkw8EMNCb4cRjpUQ1t9QGX2BVTvU5oFv9yN9nOERou6VSa04V0tIvLSOETawdfvXox4a4NH6RbUVbQOe2edcmaFmB52lF5RBKzYwU9LGgmBkQ/g1pNeodw-O2AqpPT8SAU5arxCOIZByPzDrHw7q0vGrI,button:Editar infos|https://airtable.com/shrXkItsOMiCG6Y2E?prefill_Nome=Bridge%20One&prefill_Tipo=Early%20Stage%20VC&prefill_Sede=S%C3%A3o%20Paulo%2C%20Sao%20Paulo&prefill_Website=https%3A%2F%2Fwww.bridgeone.cc%2F&prefill_Setores%20%2F%20Areas%20de%20Interesse=&prefill_Est%C3%A1gio%20de%20Investimento=&prefill_Tese=Brigde%20One%20%C3%A9%20uma%20empresa%20de%20capital%20de%20risco%20brasileira%20focada%20em%20empresas%20de%20alto%20crescimento%20de%20software%20B2B.&prefill_Montante%20do%20Primeiro%20Cheque=,Sem foco específico em agtech,R$ 500k-5M,Estágio inicial com tração
Bzplan,Early Stage VC,"Florianópolis, Santa Catarina",http://bzplan.bz/,,Bzplan é uma empresa de capital de risco que incide sobre investimentos em estágio inicial no Sul do Brasil.,https://v5.airtableusercontent.com/v3/u/46/46/1760220000000/93JFRablwUkqtcxepqpIzg/aAgWpWY76GFIvOgFpWdMQG2y55_V3P9_J-7FySggmadaF9SloryeOdlPuTWq6Cg0C43bQNWCucuTZQ5Lj1p7SvSPWSMYP0lX9WgCdRrbYsw-b7R4_0ZKnyLg63wl-gqG51kQW737s2NLcC14OZZyjMo2O8rlvb0aI7PJ1ABPuPOtxV6nKp3rD6wDxUcn2pxm/MHywNEIz9IK3LATLSkGZFZrkosz2nVaXgxs7lrGqCiE,button:Editar infos|https://airtable.com/shrXkItsOMiCG6Y2E?prefill_Nome=Bzplan&prefill_Tipo=Early%20Stage%20VC&prefill_Sede=Florian%C3%B3polis%2C%20Santa%20Catarina&prefill_Website=http%3A%2F%2Fbzplan.bz%2F&prefill_Setores%20%2F%20Areas%20de%20Interesse=&prefill_Est%C3%A1gio%20de%20Investimento=&prefill_Tese=Bzplan%20%C3%A9%20uma%20empresa%20de%20capital%20de%20risco%20que%20incide%20sobre%20investimentos%20em%20est%C3%A1gio%20inicial%20no%20Sul%20do%20Brasil.&prefill_Montante%20do%20Primeiro%20Cheque=,Sem foco específico em agtech,R$ 500k-5M,Estágio inicial com tração
Canary,Early Stage VC,"São Paulo, Sao Paulo",http://www.canary.com.br,,Canary é uma empresa VC que fornece a primeira rodada de capital de risco para empresas de tecnologia no Brasil.,https://v5.airtableusercontent.com/v3/u/46/46/1760220000000/wIpYT4kOfgbBH-lUIs0B8w/lqpdklwSBcYjPXNouoTCdnIWjiSc1IN2ZUvA76ReqgLXIw4dKtoiRKbeSn9r99eCWK2LTtVTXRVZlFuG01sXv6m4si63m9WYLofMn-V5YiHpG7gwi-zbtMyQDp5JqIUDtQaDnSFbPbMm_iQkjizx8osV02CspCH4aOrmP8UOC2G3no-8BnjMcdb9wuWwZ8B24z7sGoeW9ZC6Wpy_e3g7YQ/iH-2ux2ZINpTD5HtrnysMqq2dFXqg13lqQ6RutNBWhs,button:Editar infos|https://airtable.com/shrXkItsOMiCG6Y2E?prefill_Nome=Canary&prefill_Tipo=Early%20Stage%20VC&prefill_Sede=S%C3%A3o%20Paulo%2C%20Sao%20Paulo&prefill_Website=http%3A%2F%2Fwww.canary.com.br&prefill_Setores%20%2F%20Areas%20de%20Interesse=&prefill_Est%C3%A1gio%20de%20Investimento=&prefill_Tese=Canary%20%C3%A9%20uma%20empresa%20VC%20que%20fornece%20a%20primeira%20rodada%20de%20capital%20de%20risco%20para%20empresas%20de%20tecnologia%20no%20Brasil.&prefill_Montante%20do%20Primeiro%20Cheque=,TerraMagna (agtech) - US$ 260k seed 2017,R$ 500k-5M,Estágio inicial com tração
Capital Lab Ventures,Early Stage VC,"São Paulo, Sao Paulo",http://www.capitallab.com.br,,Capital Lab é uma plataforma de investimento de capital semente proprietário.,https://v5.airtableusercontent.com/v3/u/46/46/1760220000000/WB7tXXL7-6DMBPAMVbfxFw/rXxfpo1B46izzo0HW4WXJYprp1xVjm7OY7_BBzq5vANogWpWS4bPDESCJ0fSCke8SsE7jlhjM1xNpq7GAlndhw1js7huSILO9Gdkxp9Xy2qR-8B9rj80l3M1Eg4S3WYg57Hp9SMVoQASA56hN0qltLFJ2v40Ud5AJEXe5sATbnU/By4jEDl5uHVGDwBM6yNm2u5UJB-J2I90PbvGJkKaL3M,button:Editar infos|https://airtable.com/shrXkItsOMiCG6Y2E?prefill_Nome=Capital%20Lab%20Ventures&prefill_Tipo=Early%20Stage%20VC&prefill_Sede=S%C3%A3o%20Paulo%2C%20Sao%20Paulo&prefill_Website=http%3A%2F%2Fwww.capitallab.com.br&prefill_Setores%20%2F%20Areas%20de%20Interesse=&prefill_Est%C3%A1gio%20de%20Investimento=&prefill_Tese=Capital%20Lab%20%C3%A9%20uma%20plataforma%20de%20investimento%20de%20capital%20semente%20propriet%C3%A1rio.&prefill_Montante%20do%20Primeiro%20Cheque=,Sem foco específico em agtech,R$ 500k-5M,Estágio inicial com tração
CapTable,Equity CrowdFunding,"Porto Alegre, RS",captable.com.br,,A plataforma de investimento em startups da StartSe,https://v5.airtableusercontent.com/v3/u/46/46/1760220000000/fjcOngKa9TbWN0inrRinXQ/URyCEv1ytz_1OzupChqsdzYuJ5_vuLMnjcelrnMQQl9K2RtfxLUITHhSGQ5A824icf_8jOm-q1hKrdAks9eVp6u9YXVmRF07893djg1U3novAJg_AB3IYVicdTsMjK395fsCwmHAyoUHTsNOyROvNaZ4Wvnay2nXjYdXS_miy5OyP34dUqCAewDTIirqD__JamX-uMe3o2ray4sV_uokcw/vsV_2-VlLAe-pjtwTlFodl6kd-hTs7NEtPV2qtphsaM,button:Editar infos|https://airtable.com/shrXkItsOMiCG6Y2E?prefill_Nome=CapTable&prefill_Tipo=Equity%20CrowdFunding&prefill_Sede=Porto%20Alegre%2C%20RS&prefill_Website=captable.com.br&prefill_Setores%20%2F%20Areas%20de%20Interesse=&prefill_Est%C3%A1gio%20de%20Investimento=&prefill_Tese=A%20plataforma%20de%20investimento%20em%20startups%20da%20StartSe&prefill_Montante%20do%20Primeiro%20Cheque=,Sem foco específico em agtech,R$ 50-500k,Inovação tecnológica
Caravela Capital,Early Stage VC,"Curitiba, Parana",http://www.caravela.capital,,capital de risco para início de carreira empresas do Sul do Brasil.,https://v5.airtableusercontent.com/v3/u/46/46/1760220000000/MIz1Ddo43Ll09-Pyf8MsPg/JXYcEUdkT9YqpbhpDHeLn8nGS9tfO5l-m3eONZOaz9iipXdoP6f9dm0LYqvZMFXOWEcVWguM3HP8zAUwxPkNzfET1KGdNCLED0GDzmh9IlbIcDubN7kI7r9l9BKbAZASouPmWWIRqmdtFG0Y4vbpTS4HmrQKtms2HZYmlrNCMnY/EiKgvUIUs-cUjlo_qkgZB77e44eImwmi6hRreOBzMqA,button:Editar infos|https://airtable.com/shrXkItsOMiCG6Y2E?prefill_Nome=Caravela%20Capital&prefill_Tipo=Early%20Stage%20VC&prefill_Sede=Curitiba%2C%20Parana&prefill_Website=http%3A%2F%2Fwww.caravela.capital&prefill_Setores%20%2F%20Areas%20de%20Interesse=&prefill_Est%C3%A1gio%20de%20Investimento=&prefill_Tese=capital%20de%20risco%20para%20in%C3%ADcio%20de%20carreira%20empresas%20do%20Sul%20do%20Brasil.&prefill_Montante%20do%20Primeiro%20Cheque=,Sem foco específico em agtech,R$ 500k-5M,Estágio inicial com tração
Cedro Capital,Early Stage VC,"Brasília, Distrito Federal",http://www.cedrocapital.com/pt/,,A Cedro Capital (Cedro Asset Management) E UMA Gestora de Recursos Independente sediada em Brasília-DF e com foco na Região Centro-Oeste,https://v5.airtableusercontent.com/v3/u/46/46/1760220000000/rI2fnIjVknKrgkW-9tX4uQ/NjmKC_HOkoteD9sTyy40eCNkuw6-nPvY_j0g8XfzP4a7o6ok5wm2719OgZ3fApidydhr5LPKDn7xaANtuAX1QHZMk3jSjSloC35zSSB6r5mTG7dTfYrUcE84C0ZQug7GxmvXRvzu2LRa2hS5SZrAJaA6TOK8V7uYPN4XAiub3f8/8FfBNT7Qtt7h14YRs2jwCXMnXuhWImlVa1BRqN2KjZU,button:Editar infos|https://airtable.com/shrXkItsOMiCG6Y2E?prefill_Nome=Cedro%20Capital&prefill_Tipo=Early%20Stage%20VC&prefill_Sede=Bras%C3%ADlia%2C%20Distrito%20Federal&prefill_Website=http%3A%2F%2Fwww.cedrocapital.com%2Fpt%2F&prefill_Setores%20%2F%20Areas%20de%20Interesse=&prefill_Est%C3%A1gio%20de%20Investimento=&prefill_Tese=A%20Cedro%20Capital%20%28Cedro%20Asset%20Management%29%20E%20UMA%20Gestora%20de%20Recursos%20Independente%20sediada%20em%20Bras%C3%ADlia-DF%20e%20com%20foco%20na%20Regi%C3%A3o%20Centro-Oeste&prefill_Montante%20do%20Primeiro%20Cheque=,Sem foco específico em agtech,R$ 500k-5M,Estágio inicial com tração
ConfraPar,Early Stage VC,"Belo Horizonte, Minas Gerais",https://confrapar.com.br/,,Gestora de investimentos Private Equity.,https://v5.airtableusercontent.com/v3/u/46/46/1760220000000/9KsD54aQWSiuxiqtNbLt9g/pIuAzFWQ5bX1CuLL_b3NGlrVi9O9Jaejp5ykvgrFCnatz6xY1qFvW7LjYWSNnMWVqf0nZq2m3rI4fXksM9N4R2qbAea8CeIrNPQJmhhUFAYzLBTTOaELVBvDwBcFycsqL3You510yRhw0fgwUOcg0LW_1_cMFV0W_1ciQiLjClCsKQ0x_Qh80JCiLrKQMbYvHqC-TWyldrpqV2IzgPhaihezQu6sjMD0JPmizX7L5-E/FsdTYth2BV9XNh1Jk6LM0kFz7CyQ5pwjEmgFIdd8IAU,button:Editar infos|https://airtable.com/shrXkItsOMiCG6Y2E?prefill_Nome=ConfraPar&prefill_Tipo=Early%20Stage%20VC&prefill_Sede=Belo%20Horizonte%2C%20Minas%20Gerais&prefill_Website=https%3A%2F%2Fconfrapar.com.br%2F&prefill_Setores%20%2F%20Areas%20de%20Interesse=&prefill_Est%C3%A1gio%20de%20Investimento=&prefill_Tese=Gestora%20de%20investimentos%20Private%20Equity.%0A&prefill_Montante%20do%20Primeiro%20Cheque=,Sem foco específico em agtech,R$ 500k-5M,Estágio inicial com tração
Connect Ambiente de Inovação,Accelerator,"Marília, São Paulo",www.connectinovacao.com.br,"Retail,Software,Agtech,B2B,Construtech,CyberSecurity,Deep Tech,Ecommerce / D2C,Energy,Enterprise,Fintech,Hardware,Health,Logistics,Manufacturing,Proptech,SaaS,Smart Cities,SMB",Promovemos o desenvolvimento de startups desde o estágio inicial com uma rede de conexões.,https://v5.airtableusercontent.com/v3/u/46/46/1760220000000/Dp6RK9UZqBZeyhqsH0NiDQ/kB-Xt9W542tyK41sjUmgnNJhngPN4hw3Da9iuo6V4qZ0RAczcCKbGUXEBEslYi1lEUF_jPJK4jtIj9TDgOi3OdvrzsU3zX_bpQhl4tIdcPArR0jA8NHnW6SChuuXBHsbF2uFegEx8wEM4bKCv30HHgEJzk39lXaV_5gb1Ok1-Es/aQg28I_Yj7URdGyc55c7MIc50BuXoINNP7Wn6-SJBHA,button:Editar infos|https://airtable.com/shrXkItsOMiCG6Y2E?prefill_Nome=Connect%20Ambiente%20de%20Inova%C3%A7%C3%A3o&prefill_Tipo=Accelerator&prefill_Sede=Mar%C3%ADlia%2C%20S%C3%A3o%20Paulo&prefill_Website=www.connectinovacao.com.br&prefill_Setores%20%2F%20Areas%20de%20Interesse=Retail%2C%20Software%2C%20Agtech%2C%20B2B%2C%20Construtech%2C%20CyberSecurity%2C%20Deep%20Tech%2C%20Ecommerce%20%2F%20D2C%2C%20Energy%2C%20Enterprise%2C%20Fintech%2C%20Hardware%2C%20Health%2C%20Logistics%2C%20Manufacturing%2C%20Proptech%2C%20SaaS%2C%20Smart%20Cities%2C%20SMB&prefill_Est%C3%A1gio%20de%20Investimento=2.%20MVP%2C%203.%20Primeiras%20receitas&prefill_Tese=Promovemos%20o%20desenvolvimento%20de%20startups%20desde%20o%20est%C3%A1gio%20inicial%20com%20uma%20rede%20de%20conex%C3%B5es.&prefill_Montante%20do%20Primeiro%20Cheque=,Desenvolvimento de agtechs desde estágio inicial,R$ 50-300k,"Soluções para agronegócio, Modelo B2B, Produto SaaS, Soluções financeiras, Soluções para saúde, Programa de aceleração"
Construtech Ventures,Corporate Venture Capital,"Florianópolis, Santa Catarina",http://www.construtechventures.com.br,Construtech,Venture Builder e Corporate Venture focada em tecnologia baseada Construtechs - Startups da construção e da indústria imobiliária.,https://v5.airtableusercontent.com/v3/u/46/46/1760220000000/HmXNIpDG-Lv26RSdYr5Xtw/GF-1USUXeTpQ-lSyh9TbuyK5K88shCK0ElbO4wkm4CYOhPE0su4wPx8qNxpSVLaxdVpkItLxsMj0FVkQ8j6Vsy0n39HSPyvmqvpTg-ANP2u2NTouTGAIQBJ2QKHMFrChA1z_3-qo3j6uuEUvIeOR6XSPw0BAVL7ln7VdXb4aTdOTxw_kcVtBIpu_GMJu18IvNodvKcSIylb1WxJX7wn6ow/L5FC2xeTxc_5goGYB0BkKk2m0GebqtqDd6UZ2PABzlo,button:Editar infos|https://airtable.com/shrXkItsOMiCG6Y2E?prefill_Nome=Construtech%20Ventures&prefill_Tipo=Corporate%20Venture%20Capital&prefill_Sede=Florian%C3%B3polis%2C%20Santa%20Catarina&prefill_Website=http%3A%2F%2Fwww.construtechventures.com.br&prefill_Setores%20%2F%20Areas%20de%20Interesse=Construtech&prefill_Est%C3%A1gio%20de%20Investimento=&prefill_Tese=Venture%20Builder%20e%20Corporate%20Venture%20focada%20em%20tecnologia%20baseada%20Construtechs%20-%20Startups%20da%20constru%C3%A7%C3%A3o%20e%20da%20ind%C3%BAstria%20imobili%C3%A1ria.&prefill_Montante%20do%20Primeiro%20Cheque=,Sem foco específico em agtech,Variável,Inovação tecnológica
COREangels Atlantic,Angel Group,Lisboa (Portugal),www.coreangels.com,,A COREangels Atlantic investe em startups brasileiras com um produto/serviço global em fase seed (pré-scale up) que querem se internacionalizar na Europa através de Portugal.,https://v5.airtableusercontent.com/v3/u/46/46/1760220000000/AeTpDLG01OxJZmVXzqiOSw/tBe7PRAN1MKDoXtyxPbOK2ybRSKrUM6K1qGw7a_wSNRNIK7TjOt1iCzxL1lR_o1a7-a9TGwrvfbtmByXA6k2YpJz96o2NX5E6P9YhnGt8dqZR1u3BH4-nZZX6KPCyW2NwKskvsB6GRKzqN_0-aWntQ6Yb9WQ78rCyNcV5c5FdnY/EIqRjq-daTzgfBCtkkNsSenRLHqogFquQZDVeqxjqxI,button:Editar infos|https://airtable.com/shrXkItsOMiCG6Y2E?prefill_Nome=COREangels%20Atlantic&prefill_Tipo=Angel%20Group&prefill_Sede=Lisboa%20%28Portugal%29&prefill_Website=www.coreangels.com&prefill_Setores%20%2F%20Areas%20de%20Interesse=&prefill_Est%C3%A1gio%20de%20Investimento=&prefill_Tese=A%20COREangels%20Atlantic%20investe%20em%20startups%20brasileiras%20com%20um%20produto%2Fservi%C3%A7o%20global%20em%20fase%20seed%20%28pr%C3%A9-scale%20up%29%20que%20querem%20se%20internacionalizar%20na%20Europa%20atrav%C3%A9s%20de%20Portugal.&prefill_Montante%20do%20Primeiro%20Cheque=,Sem foco específico em agtech,R$ 50-200k,Inovação tecnológica
Cotidiano,Accelerator,"Brasília, Distrito Federal",http://cotidiano.com.br,,Cotidiano investe em empresas digitais que positivamente a vida cotidiana impactos das pessoas.,https://v5.airtableusercontent.com/v3/u/46/46/1760220000000/Y3fiv7anUDoptyGYxzWRrw/MSogl43TjDsMEwFs-EGGR-CNKfX7mTdV9JL8oMXFRCoEnrgk_Eu1CQBGLiHqnTPLCO2GCX2rh9zSaWRLMQSnErX9sDrfw0MfX1HuM2pPy4VmxIpY1ms-9Ps1LmEJQNZNex25TzoHkqmsJ4Lnw2NrlbTdpC0LZ-aRCOe84V2EttvTEDm9_PdgE8awih_mqplp/ePoLIvmUEhSG_iO309voHRm4m-sMRK_fdJEOzDo_88M,button:Editar infos|https://airtable.com/shrXkItsOMiCG6Y2E?prefill_Nome=Cotidiano&prefill_Tipo=Accelerator&prefill_Sede=Bras%C3%ADlia%2C%20Distrito%20Federal&prefill_Website=http%3A%2F%2Fcotidiano.com.br&prefill_Setores%20%2F%20Areas%20de%20Interesse=&prefill_Est%C3%A1gio%20de%20Investimento=&prefill_Tese=Cotidiano%20investe%20em%20empresas%20digitais%20que%20positivamente%20a%20vida%20cotidiana%20impactos%20das%20pessoas.&prefill_Montante%20do%20Primeiro%20Cheque=,Sem foco específico em agtech,R$ 50-300k,Programa de aceleração
Crescera Investimentos (f/k/a Bozano Investimentos),Early Stage VC,"Rio De Janeiro, Rio de Janeiro",http://www.crescerainvestimentos.com.br/,,Crescera Investimentos é uma empresa de gestão de ativos alternativos.,https://v5.airtableusercontent.com/v3/u/46/46/1760220000000/uDET9tQAf9zU2vARJM8i0A/uYljLIivfgBCoJxGH-EAGUFkn7xDkg11CBmjws2CqFhJy_i0ipkUsu7JJk-x4nEMSAnLMAEBgrxNMsPLTVYQYZR1p_vQJBv-wBT4KCms4FcyiaSTSpQoBpFPeiqwfVvdk_ojS1r9Mue6fF1vJibEX-EsMg5E0ss6fP741NwUIgotWVzbVG6dV2EakfYOtVhwMcdH-5HWzWia70UFU_hZSg/64fZzyuBPrutDXnR09o7MHGAQS9vZ-6ZStQmpdfrZdE,button:Editar infos|https://airtable.com/shrXkItsOMiCG6Y2E?prefill_Nome=Crescera%20Investimentos%20%28f%2Fk%2Fa%20Bozano%20Investimentos%29&prefill_Tipo=Early%20Stage%20VC&prefill_Sede=Rio%20De%20Janeiro%2C%20Rio%20de%20Janeiro&prefill_Website=http%3A%2F%2Fwww.crescerainvestimentos.com.br%2F&prefill_Setores%20%2F%20Areas%20de%20Interesse=&prefill_Est%C3%A1gio%20de%20Investimento=&prefill_Tese=Crescera%20Investimentos%20%C3%A9%20uma%20empresa%20de%20gest%C3%A3o%20de%20ativos%20alternativos.&prefill_Montante%20do%20Primeiro%20Cheque=,Sem foco específico em agtech,R$ 500k-5M,Estágio inicial com tração
Criatec 2,Early Stage VC,Brasil,http://www.criatec2.com.br,,Criatec 2 é um fundo de investimento que investe em projetos e empresas ligadas a outros setores da economia.,https://v5.airtableusercontent.com/v3/u/46/46/1760220000000/AhG7XBbyYuIw98VEezjjxA/bXIrD10P7Ymb_c7tynLHf6YSR1dUZ8N9OKVdDbPtmhowEu_bmMCA0g_WirWKBUNcx6Ihf5SafKuGROhK34_o1Nc04OzXDzI9A7_jcvJ1JVZKIc0lww2ZKhR0M6MZ0Qg7xvdaG_zVnT_zgiuVj-SDl2ts2WCVEPPzaZEDS_SCHgw0aYVwIBWmywF0N1v8Lk_n/Won5GwQG-VW1nnSQBYRcWFIX_QRWfPm9wAMvqESuwMo,button:Editar infos|https://airtable.com/shrXkItsOMiCG6Y2E?prefill_Nome=Criatec%202&prefill_Tipo=Early%20Stage%20VC&prefill_Sede=Brasil&prefill_Website=http%3A%2F%2Fwww.criatec2.com.br&prefill_Setores%20%2F%20Areas%20de%20Interesse=&prefill_Est%C3%A1gio%20de%20Investimento=&prefill_Tese=Criatec%202%20%C3%A9%20um%20fundo%20de%20investimento%20que%20investe%20em%20projetos%20e%20empresas%20ligadas%20a%20outros%20setores%20da%20economia.&prefill_Montante%20do%20Primeiro%20Cheque=,Sem foco específico em agtech,R$ 500k-5M,Estágio inicial com tração
Culturinvest,Venture Builder,São Paulo,www.culturinvest.com.br,"Fintech,Health,SaaS,Software","Fundada em 1996, Culturinvest se destaca pela presença nas principais universidades brasileiras, conectando pesquisas e iniciativas promissoras a investidores e parceiros estratégicos, utilizando ferramentas do Marco Legal de Inovação e do mercado de capitais.",https://v5.airtableusercontent.com/v3/u/46/46/1760220000000/VPQaA--OjP0un5QfnTPYrg/eUoOF4NbKR7Lqq93D-IvATyMUjDuPN-i8OI_gOg39SRZyoZ23ENsFvMGCXr8cAhCPyfOjkfwC1mVYboisG3_g7glwl2XywmZTLyxVvdqqS81nAgoK4TPu4F7lKlDWRzMeYCx42SCR-gc277hu4oSi99aU9_BzhCF-_PSPkAt5D_ZzvGgcIkbIVt5MLFf1FZq/qGxACsQqsHNWpAO-JsL46Sch6ZbCL2AbEIJHs_354l8,button:Editar infos|https://airtable.com/shrXkItsOMiCG6Y2E?prefill_Nome=Culturinvest%20&prefill_Tipo=Venture%20Builder&prefill_Sede=S%C3%A3o%20Paulo&prefill_Website=www.culturinvest.com.br&prefill_Setores%20%2F%20Areas%20de%20Interesse=Fintech%2C%20Health%2C%20SaaS%2C%20Software&prefill_Est%C3%A1gio%20de%20Investimento=&prefill_Tese=Fundada%20em%201996%2C%20Culturinvest%20se%20destaca%20pela%20presen%C3%A7a%20nas%20principais%20universidades%20brasileiras%2C%20conectando%20pesquisas%20e%20iniciativas%20promissoras%20a%20investidores%20e%20parceiros%20estrat%C3%A9gicos%2C%20utilizando%20ferramentas%20do%20Marco%20Legal%20de%20Inova%C3%A7%C3%A3o%20e%20do%20mercado%20de%20capitais.%20&prefill_Montante%20do%20Primeiro%20Cheque=,Sem foco específico em agtech,R$ 200k-2M,"Produto SaaS, Soluções financeiras, Soluções para saúde"
CVENTURES,Micro VC,"Florianópolis, Santa Catarina",http://www.cventures.com.br/,,"Destina-se a promover a estruturação, aceleração e alavancagem de empresas de base tecnológica e outras empresas inovadoras.",https://v5.airtableusercontent.com/v3/u/46/46/1760220000000/MvaD6tRzuBQgKTYyIDkAew/M-vJgiJ7OaIZFlSP81FaNrsrwrUTbtiM1gySA6vnXPnIQnI4qx2aikGDHvbee5yRA33xt1f-k_x_kpI-t-uqt2zoWn4RS09S1MLEgkuH_jTFv0abkDYyMFpytY0r7F_6xO1Pt-HlDlf4QK6EQPQnKvMnuj0-jyB8GUNrXjjLpqk/zXk4sFKG4DvEv9jJa1KJ-zaVbEXu_nvSucO71ye-9A8,button:Editar infos|https://airtable.com/shrXkItsOMiCG6Y2E?prefill_Nome=CVENTURES&prefill_Tipo=Micro%20VC&prefill_Sede=Florian%C3%B3polis%2C%20Santa%20Catarina&prefill_Website=http%3A%2F%2Fwww.cventures.com.br%2F&prefill_Setores%20%2F%20Areas%20de%20Interesse=&prefill_Est%C3%A1gio%20de%20Investimento=&prefill_Tese=Destina-se%20a%20promover%20a%20estrutura%C3%A7%C3%A3o%2C%20acelera%C3%A7%C3%A3o%20e%20alavancagem%20de%20empresas%20de%20base%20tecnol%C3%B3gica%20e%20outras%20empresas%20inovadoras.&prefill_Montante%20do%20Primeiro%20Cheque=,Sem foco específico em agtech,R$ 200k-1M,Inovação tecnológica
Dalus Capital,Early Stage VC,Mexico,http://daluscapital.com/en/,,México - Que tenha Alguma sinergia Operações nenhum México,https://v5.airtableusercontent.com/v3/u/46/46/1760220000000/OhZP9Ag3ajAoo1QTRwyHcg/PuwB7HeaQ2GHYZ9ArWddUgqFGXp7UGXPOh5TZZWavDFewcKq4WSgNcBk1Hp82bWvi99DvWgojKmscrn_YignjuQdzeSZzsepr6BqJjTcIAf7T6Pid5KUszYyYu0uBYohtpADETc9qXb-6ytjDneiuOvUpW72jRLGsdYk3olic5LQyp_cekoWTLdmxSsrTUVnZsAVSe7inivWHsxZz3LhGQ/E7NE1xXJ4n9ezXZvg_jwoEz_R7tCQ_FN6IjGS1Zd8dU,button:Editar infos|https://airtable.com/shrXkItsOMiCG6Y2E?prefill_Nome=Dalus%20Capital&prefill_Tipo=Early%20Stage%20VC&prefill_Sede=Mexico&prefill_Website=http%3A%2F%2Fdaluscapital.com%2Fen%2F&prefill_Setores%20%2F%20Areas%20de%20Interesse=&prefill_Est%C3%A1gio%20de%20Investimento=&prefill_Tese=M%C3%A9xico%20-%20Que%20tenha%20Alguma%20sinergia%20Opera%C3%A7%C3%B5es%20nenhum%20M%C3%A9xico&prefill_Montante%20do%20Primeiro%20Cheque=,Sem foco específico em agtech,R$ 500k-5M,Estágio inicial com tração
Darwin Startups,Accelerator,"Florianópolis, Santa Catarina",http://darwinstartups.com.br/,,Darwin Startups é um ecossistema completo para os empresários e startups para evoluir.,https://v5.airtableusercontent.com/v3/u/46/46/1760220000000/y9GHZASv18VCxR5ajFa99g/_mYeD8L4vnuGbdBJo6KG8rCU1WpQm7yePWgFrHEwt56H9kXDQzxQQy_IuBxjM6GZNmszvq8WDdtPuiU12-N4zoy1294UUPwO_uCYmDg9eWcY1lbhzLspnwpVgdwEMG5GtrbrtjLyY2B9Ik1ocTkwWxlOocwpguhqHztFRYP8pLUENl0o348o663qmPwuUsl1XeHqP32b2Ky_eP735Zd4wbLZIVQDI2ixM6WpIjneZlg/Yu2VlYWXESTeb_6-GdKelBiUxC7SDJ5YQUetJ96kDlQ,button:Editar infos|https://airtable.com/shrXkItsOMiCG6Y2E?prefill_Nome=Darwin%20Startups&prefill_Tipo=Accelerator&prefill_Sede=Florian%C3%B3polis%2C%20Santa%20Catarina&prefill_Website=http%3A%2F%2Fdarwinstartups.com.br%2F&prefill_Setores%20%2F%20Areas%20de%20Interesse=&prefill_Est%C3%A1gio%20de%20Investimento=&prefill_Tese=Darwin%20Startups%20%C3%A9%20um%20ecossistema%20completo%20para%20os%20empres%C3%A1rios%20e%20startups%20para%20evoluir.&prefill_Montante%20do%20Primeiro%20Cheque=,Sem foco específico em agtech,R$ 50-300k,Programa de aceleração
DezQuatroTrês,Venture Builder,São Paulo,http://dezquatrotres.com.br/,"Agtech,B2B,Ecommerce / D2C,Energy,Fintech,SaaS,Retail,Software,Logistics,Smart Cities","Investimentos em startups da América Latina, entre as fases de Product Market Fit e Series A.",https://v5.airtableusercontent.com/v3/u/46/46/1760220000000/ghhRRE5HDdxomXr76UiJtg/BtoVYPGbQM3gvTZxVDev83nTWVtbpEoi7xlTt_BwDW2C57Us0IKn-eBFYpgArFLeT_dFEVeu_Muk1tMAdLI9tVoWK1tFBwPETmUj1Z3V8mg67wY7BorvFunhkuVesWWEKuTdHFX9q8F12UGE6Mf3jKzd5YuxIhgrIwbhZQjxEQw/0zUHIJWwhVY-BY3J2TNntnjq4Sxz69ai3sgCvYt3slE,button:Editar infos|https://airtable.com/shrXkItsOMiCG6Y2E?prefill_Nome=DezQuatroTr%C3%AAs&prefill_Tipo=Venture%20Builder&prefill_Sede=S%C3%A3o%20Paulo&prefill_Website=http%3A%2F%2Fdezquatrotres.com.br%2F&prefill_Setores%20%2F%20Areas%20de%20Interesse=Agtech%2C%20B2B%2C%20Ecommerce%20%2F%20D2C%2C%20Energy%2C%20Fintech%2C%20SaaS%2C%20Retail%2C%20Software%2C%20Logistics%2C%20Smart%20Cities&prefill_Est%C3%A1gio%20de%20Investimento=3.%20Primeiras%20receitas%2C%20Agtech%2C%20B2B%2C%20SaaS%2C%20Retail%2C%20Software%2C%20Logistics%2C%20Fintech%2C%20Smart%20Cities&prefill_Tese=Investimentos%20em%20startups%20da%20Am%C3%A9rica%20Latina%2C%20entre%20as%20fases%20de%20Product%20Market%20Fit%20e%20Series%20A.&prefill_Montante%20do%20Primeiro%20Cheque=At%C3%A9%20R%24%201%20milh%C3%A3o,Investimentos em agtechs entre Product Market Fit e Series A,R$ 200k-2M,"Soluções para agronegócio, Modelo B2B, Produto SaaS, Soluções financeiras"
DGF Investimentos,Early Stage VC,"São Paulo, São Paulo",https://www.dgf.com.br/,"SaaS,B2B","O DGF Investimentos é um gestor de Venture Capital líder na América Latina com investimentos focados em empresas de tecnologia e software (SaaS B2B). Uma das pioneiras na indústria de VC no Brasil, a gestora já realizou mais de 45 investimentos e 25 saídas. Cases como a Resultados Digitais (RD Station), Mosyle, Reclame Aqui e Ingresse fazem parte do track-record do DGF.",https://v5.airtableusercontent.com/v3/u/46/46/1760220000000/RI7FT16AOPAIOMy_0zCZSg/clMue5c1jD4w4kdIivVG3kSn1f5xWpXatbCgleZDJy9BsvfZcrTn-YLDKxEi2Hi48jwGBM5MhKS1JpG4youW8mGBkxUW0FG2v6OxHKhHoavAIX9gYoMo2Bn1SrQhY-pQXoTzbZQ51ffja-T7da8xAqLdzKnOcIbgIF-VmqJ5pug/XW4Hdz7hkJN3ZNQ0B-HWJQ-FdisyQwvOvsPObKEjPss,button:Editar infos|https://airtable.com/shrXkItsOMiCG6Y2E?prefill_Nome=DGF%20Investimentos&prefill_Tipo=Early%20Stage%20VC&prefill_Sede=S%C3%A3o%20Paulo%2C%20S%C3%A3o%20Paulo&prefill_Website=https%3A%2F%2Fwww.dgf.com.br%2F&prefill_Setores%20%2F%20Areas%20de%20Interesse=SaaS%2C%20B2B&prefill_Est%C3%A1gio%20de%20Investimento=4.%20Em%20escala%20%28Series%20A%29%2C%203.%20Primeiras%20receitas&prefill_Tese=O%20DGF%20Investimentos%20%C3%A9%20um%20gestor%20de%20Venture%20Capital%20l%C3%ADder%20na%20Am%C3%A9rica%20Latina%20com%20investimentos%20focados%20em%20empresas%20de%20tecnologia%20e%20software%20%28SaaS%20B2B%29.%20Uma%20das%20pioneiras%20na%20ind%C3%BAstria%20de%20VC%20no%20Brasil%2C%20a%20gestora%20j%C3%A1%20realizou%20mais%20de%2045%20investimentos%20e%2025%20sa%C3%ADdas.%20Cases%20como%20a%20Resultados%20Digitais%20%28RD%20Station%29%2C%20Mosyle%2C%20Reclame%20Aqui%20e%20Ingresse%20fazem%20parte%20do%20track-record%20do%20DGF.&prefill_Montante%20do%20Primeiro%20Cheque=At%C3%A9%2020%20milh%C3%B5es,Sem foco específico em agtech,R$ 500k-5M,"Modelo B2B, Produto SaaS, Estágio inicial com tração"
Din4mo,Venture Builder,"São Paulo, São Paulo",www.din4mo.com,"Construtech,Health,Smart Cities,Fintech","Somos um Venture Builder que desenvolve e investe em startups de impacto alinhadas com as ODSs 3, 4, 10 e 11. Startups nas áreas de Educação, Saúde, Redução de Desigualdade Social e Cidades Sustentáveis que já tenham superado a fase de Problem-Solution-Fit podem aplicar para nosso programa de desenvolvimento. Ao longo do programa avaliamos sermos investidores líderes de rodadas seed de até R$2mi.",https://v5.airtableusercontent.com/v3/u/46/46/1760220000000/mS-HvAXwA46Q5HE2HhJOSA/iuakddYXfHvIO96GG-V55A1WTkk4eqnbY7udKViDMfCRDkjI1gpgEf_4bxSxFj8Ti61Qs0Hsc_HTnaBHSEibt0W4iqdGc8TMK5wMo_E7TCu_xZ_BhHg2d2lAopo-5cvShhwbip0v9ETVEnY7v3mi0w/uYpRZele0iNpihLLbyDDciOIM84ye8gVh21Ix5ON2gM,button:Editar infos|https://airtable.com/shrXkItsOMiCG6Y2E?prefill_Nome=Din4mo&prefill_Tipo=Venture%20Builder&prefill_Sede=S%C3%A3o%20Paulo%2C%20S%C3%A3o%20Paulo&prefill_Website=www.din4mo.com&prefill_Setores%20%2F%20Areas%20de%20Interesse=Construtech%2C%20Health%2C%20Smart%20Cities%2C%20Fintech&prefill_Est%C3%A1gio%20de%20Investimento=3.%20Primeiras%20receitas&prefill_Tese=Somos%20um%20Venture%20Builder%20que%20desenvolve%20e%20investe%20em%20startups%20de%20impacto%20alinhadas%20com%20as%20ODSs%203%2C%204%2C%2010%20e%2011.%20Startups%20nas%20%C3%A1reas%20de%20Educa%C3%A7%C3%A3o%2C%20Sa%C3%BAde%2C%20Redu%C3%A7%C3%A3o%20de%20Desigualdade%20Social%20e%20Cidades%20Sustent%C3%A1veis%20que%20j%C3%A1%20tenham%20superado%20a%20fase%20de%20Problem-Solution-Fit%20podem%20aplicar%20para%20nosso%20programa%20de%20desenvolvimento.%20Ao%20longo%20do%20programa%20avaliamos%20sermos%20investidores%20l%C3%ADderes%20de%20rodadas%20seed%20de%20at%C3%A9%20R%242mi.%20&prefill_Montante%20do%20Primeiro%20Cheque=At%C3%A9%20R%24%20500%20mil,Sem foco específico em agtech,R$ 200k-2M,"Soluções financeiras, Soluções para saúde"
Distrito Ventures,Micro VC,"São Paulo, Sao Paulo",http://distritoventures.com/,,"Distrito Joint Venture Capital é focado na fase inicial, semente e arranques um pré-série.",https://v5.airtableusercontent.com/v3/u/46/46/1760220000000/UpQy6OH6U7SZAki924WfbQ/fNFw0ddQ8SOubhz1MNP8yk8q_5pzyqcUBQqaIIw38KcBY88wywYmqCdHBXVwk66gkGwZFsTLptdS0TZBJk4BVp9tfYNIu_eac9-3L8BYDQ1m47iMlUD_yrCzShc-nO4bBNXw2V_tyVGvgBIeA1_vfh5yE_G4Tzmm2fQzrLkLwv0/DIUUA4Ww5C7NaLtfhGYexyXDoLu4aHa6ljvciDGOO3Y,button:Editar infos|https://airtable.com/shrXkItsOMiCG6Y2E?prefill_Nome=Distrito%20Ventures&prefill_Tipo=Micro%20VC&prefill_Sede=S%C3%A3o%20Paulo%2C%20Sao%20Paulo&prefill_Website=http%3A%2F%2Fdistritoventures.com%2F&prefill_Setores%20%2F%20Areas%20de%20Interesse=&prefill_Est%C3%A1gio%20de%20Investimento=&prefill_Tese=Distrito%20Joint%20Venture%20Capital%20%C3%A9%20focado%20na%20fase%20inicial%2C%20semente%20e%20arranques%20um%20pr%C3%A9-s%C3%A9rie.&prefill_Montante%20do%20Primeiro%20Cheque=,Sem foco específico em agtech,R$ 200k-1M,Inovação tecnológica
DNA Capital,Corporate Venture Capital,"São Paulo, Sao Paulo",http://www.dnacapital.com/,Health,DNA Capital é uma parceria de investimentos especializada em investimentos multi-estágio no sector da saúde.,https://v5.airtableusercontent.com/v3/u/46/46/1760220000000/s6W1SIO3bcEYFwhj5ZNtsw/TPRati3ADu3zPG7UfzXBhmTGXFS7GIC4GCCVDtsd2PTGVONnEVq-3o64f6aGDZeEqqLfL0NAdpdpOFxh6AdJijdMbn6IrzVlwO1zdn94M04bg5ccqAyOHoZXSrcYtbbk-T3EwkBfvAeESrWvyrQsSg/qPg1iAJIX7rav4yezmP-1WTHdn171ue61wfIQ24sGyM,button:Editar infos|https://airtable.com/shrXkItsOMiCG6Y2E?prefill_Nome=DNA%20Capital&prefill_Tipo=Corporate%20Venture%20Capital&prefill_Sede=S%C3%A3o%20Paulo%2C%20Sao%20Paulo&prefill_Website=http%3A%2F%2Fwww.dnacapital.com%2F&prefill_Setores%20%2F%20Areas%20de%20Interesse=Health&prefill_Est%C3%A1gio%20de%20Investimento=&prefill_Tese=DNA%20Capital%20%C3%A9%20uma%20parceria%20de%20investimentos%20especializada%20em%20investimentos%20multi-est%C3%A1gio%20no%20sector%20da%20sa%C3%BAde.&prefill_Montante%20do%20Primeiro%20Cheque=,Sem foco específico em agtech,Variável,Soluções para saúde
DOMO Invest,Early Stage VC,"São Paulo, Sao Paulo",http://www.domoinvest.com.br,,DOMO Invest é uma empresa de capital de risco líder no Brasil que investe no melhor em empresários de classe.,https://v5.airtableusercontent.com/v3/u/46/46/1760220000000/eSFaQsHyTl7ze1lOZ54zkg/ZN4UC928jNCbbavzLkVHdPytFcqhxTFm5qL5Qz2oua5HAOOvkdxDRmjNVSo3t4L9YPeyaKGy8uH05frg6pG-IdCC03kZfjlhB2ShnJXKCJ2-_dzYPRhee_NvnNmo31Bd49UfzWW_CK5AJRZNvcaa40Z-7peUyZs5pO8ddMbCsCQ/TWcOxaxmUkdqbgfu61LtlkIPgIjykuYb0cmdmdEeugg,button:Editar infos|https://airtable.com/shrXkItsOMiCG6Y2E?prefill_Nome=DOMO%20Invest&prefill_Tipo=Early%20Stage%20VC&prefill_Sede=S%C3%A3o%20Paulo%2C%20Sao%20Paulo&prefill_Website=http%3A%2F%2Fwww.domoinvest.com.br&prefill_Setores%20%2F%20Areas%20de%20Interesse=&prefill_Est%C3%A1gio%20de%20Investimento=&prefill_Tese=DOMO%20Invest%20%C3%A9%20uma%20empresa%20de%20capital%20de%20risco%20l%C3%ADder%20no%20Brasil%20que%20investe%20no%20melhor%20em%20empres%C3%A1rios%20de%20classe.&prefill_Montante%20do%20Primeiro%20Cheque=,Sem foco específico em agtech,R$ 500k-5M,Estágio inicial com tração
Dongley Martins,Early Stage VC,Curitiba,Não possuímos,"B2B,Enterprise,Fintech,Health,Manufacturing,SaaS,SMB,Logistics,Software","Somos uma SA de Participações que investe cheques de R$ 500k a 1Mi, que busca startups que estão tracionando modelos de vendas e que querem recursos, principalmente, para modelos de expansão de vendas. Presamos por Governança, mesmo que mínima e apoiamos sua implantação. Avaliamos times complementares como fundamental para o investimento e precisam ter MRR de cerca de 50k ou mais. Nutrimos uma ampla rede de relacionamentos, pois lideramos um movimento Nacional conhecido como Governança e Nova Economia, que fica na pagina gonew.co",https://v5.airtableusercontent.com/v3/u/46/46/1760220000000/kQi5Wj-Fzgb-HwivfDmOsw/qsD9n6RqgEdjTo4g3L-CyGEj0FZbpl0sVzdJE2WNxj2BZ28HjdwoIpOrdEJQskpL41xa5VvqIf0Un-25i2vXv7SkN-DBwUhXVjs6GwDrs20rkYGjj2QR0_tZf63jDYwpZHCJJvyCbS7_6FgOx7qoIRfwnmfX7rO99_WNZ9BaW2s/bZxWWH0W2M-eejfn6WyVpB_YtPOVwx1WN4-YsLMikMk,button:Editar infos|https://airtable.com/shrXkItsOMiCG6Y2E?prefill_Nome=Dongley%20Martins&prefill_Tipo=Early%20Stage%20VC&prefill_Sede=Curitiba&prefill_Website=N%C3%A3o%20possu%C3%ADmos&prefill_Setores%20%2F%20Areas%20de%20Interesse=B2B%2C%20Enterprise%2C%20Fintech%2C%20Health%2C%20Manufacturing%2C%20SaaS%2C%20SMB%2C%20Logistics%2C%20Software&prefill_Est%C3%A1gio%20de%20Investimento=&prefill_Tese=Somos%20uma%20SA%20de%20Participa%C3%A7%C3%B5es%20que%20investe%20cheques%20de%20R%24%20500k%20a%201Mi%2C%20que%20busca%20startups%20que%20est%C3%A3o%20tracionando%20modelos%20de%20vendas%20e%20que%20querem%20recursos%2C%20principalmente%2C%20para%20modelos%20de%20expans%C3%A3o%20de%20vendas.%20Presamos%20por%20Governan%C3%A7a%2C%20mesmo%20que%20m%C3%ADnima%20e%20apoiamos%20sua%20implanta%C3%A7%C3%A3o.%20Avaliamos%20times%20complementares%20como%20fundamental%20para%20o%20investimento%20e%20precisam%20ter%20MRR%20de%20cerca%20de%2050k%20ou%20mais.%20Nutrimos%20uma%20ampla%20rede%20de%20relacionamentos%2C%20pois%20lideramos%20um%20movimento%20Nacional%20conhecido%20como%20Governan%C3%A7a%20e%20Nova%20Economia%2C%20que%20fica%20na%20pagina%20gonew.co&prefill_Montante%20do%20Primeiro%20Cheque=,Sem foco específico em agtech,R$ 500k-5M,"Modelo B2B, Produto SaaS, Soluções financeiras, Soluções para saúde, Estágio inicial com tração"
Duxx Investimentos,Micro VC,"São Paulo, Sao Paulo",http://duxxinvestimentos.com.br/en/,,"Duxx Investimentos é um fundo de capital de risco ativo, focado em investimentos em internet e tecnologia startups.",https://v5.airtableusercontent.com/v3/u/46/46/1760220000000/GEn9hNc5H5EPXZMmZqfqpQ/cM4wdSG00sREQnYk7n6TgnaygYZL9u4es8JL6uQxWyE5fqRVeax9ntsETm70MaO5jS_MyMJaFj-cv2MGFK5PLbGlllBWLqYp-LZstoy4VkoazIau8f721jRTzgUNIqAk12wtMy0J5--ze-u9Dg62hHaWNuJJyyTe9I5t8mqwxt8/acpSyVuHKVLnZACe_LTdxnYY-3l7SeFf9jeUNQOyIwI,button:Editar infos|https://airtable.com/shrXkItsOMiCG6Y2E?prefill_Nome=Duxx%20Investimentos&prefill_Tipo=Micro%20VC&prefill_Sede=S%C3%A3o%20Paulo%2C%20Sao%20Paulo&prefill_Website=http%3A%2F%2Fduxxinvestimentos.com.br%2Fen%2F&prefill_Setores%20%2F%20Areas%20de%20Interesse=&prefill_Est%C3%A1gio%20de%20Investimento=&prefill_Tese=Duxx%20Investimentos%20%C3%A9%20um%20fundo%20de%20capital%20de%20risco%20ativo%2C%20focado%20em%20investimentos%20em%20internet%20e%20tecnologia%20startups.&prefill_Montante%20do%20Primeiro%20Cheque=,Sem foco específico em agtech,R$ 200k-1M,Inovação tecnológica
e.bricks Ventures,Early Stage VC,"São Paulo, Sao Paulo",http://www.ebricksventures.com/,,empresa de venture capital focado em investimentos Série A e Série B,https://v5.airtableusercontent.com/v3/u/46/46/1760220000000/_phiYzkskaLVWU__ZyYDvw/VYXFDhKxRtRYxkKSbH2Mp_k4ZyVHmoNFZgeK9hvyANfCVVTWn1f8A9fWIppZ8dC1pLoi-29vWsohgscHFG8Sj60qJG16jGHMZ-xPrtimTiemoL2JVfribxkHTMpRjOh_A33oW7yY6e2m72_QV-T-zLV0JtwdAsSJdhU6J4CVvvy8g0fJLSbamQQB_brFeXJDq9feG6vqFC5FHJXIVc42-Q/MlF6K3ysTR7tFSxLsacKh0AmTPeMMOjo4uxY4HhRvZU,button:Editar infos|https://airtable.com/shrXkItsOMiCG6Y2E?prefill_Nome=e.bricks%20Ventures&prefill_Tipo=Early%20Stage%20VC&prefill_Sede=S%C3%A3o%20Paulo%2C%20Sao%20Paulo&prefill_Website=http%3A%2F%2Fwww.ebricksventures.com%2F&prefill_Setores%20%2F%20Areas%20de%20Interesse=&prefill_Est%C3%A1gio%20de%20Investimento=&prefill_Tese=empresa%20de%20venture%20capital%20focado%20em%20investimentos%20S%C3%A9rie%20A%20e%20S%C3%A9rie%20B&prefill_Montante%20do%20Primeiro%20Cheque=,Sem foco específico em agtech,R$ 500k-5M,Estágio inicial com tração
EDP Ventures,Corporate Venture Capital,"São Paulo, Sao Paulo",https://www.edpventures.vc/,Energy,Investe em Startups early stage de energia,https://v5.airtableusercontent.com/v3/u/46/46/1760220000000/x97w7IPkjsyT6rsiNeFnoQ/tg4HihqvEox5VjxcNs0eW2HIvR665H4NKiALJM6S3pJb7xaPYC4lNgLdzvOgsfCjg7VyLwluxrmcJONcKwviSD3HYID5Oz5cwODxDbQ0nJDeREeAdVD3CN7jw1GFQP08IJqpfFVAUYEajPKA3qD8FbOQmp3p7eaaq3K5YUjNeLE6M_If-Tq9a0UXqDoa2X_7/K1oYfbPWjpsqkihYM_yYmf5I8OdIlDCua7sqi1DJT_o,button:Editar infos|https://airtable.com/shrXkItsOMiCG6Y2E?prefill_Nome=EDP%20Ventures&prefill_Tipo=Corporate%20Venture%20Capital&prefill_Sede=S%C3%A3o%20Paulo%2C%20Sao%20Paulo&prefill_Website=https%3A%2F%2Fwww.edpventures.vc%2F&prefill_Setores%20%2F%20Areas%20de%20Interesse=Energy&prefill_Est%C3%A1gio%20de%20Investimento=&prefill_Tese=Investe%20em%20Startups%20early%20stage%20de%20energia&prefill_Montante%20do%20Primeiro%20Cheque=,Sem foco específico em agtech,Variável,Inovação tecnológica
ENGAGE Angels,Angel Group,São Paulo - SP,https://gust.com/accelerators/engage-angels,"B2B,Fintech","Somos um grupo de investidores-anjo formado por altos executivos do mercado brasileiro. Realizamos fóruns de investimentos bimestrais e eventos sociais, nos quais startups selecionadas por nosso comitê de seleção apresentam seus projetos em busca de investimento. A ENGAGE Angels não é um fundo de investimentos, mas um grupo com interesse comum em que seus participantes podem prover mentorias e investir individualmente em diferentes startups. Estimulamos, inclusive, que mais de um investidor faça aportes em uma mesma startup para possibilitar melhores resultados.",https://v5.airtableusercontent.com/v3/u/46/46/1760220000000/PCaTIgd0cEZhiBhLJlekNg/uDL-KGYqj6GwToiStTHrMEyRJbWcWuddtpVbKE_-u_AAyzMpNpCPkcqS22hedN7g5yB4R_QkqTMMEwNYaBdVOQKVKaiZDXmNU-x5HE-swAJkSqJgzuYXRCIWDxfhlVOwAkNLdzQZn-KAAO45DJg6yw/09e_AqK6G4OE6vBCfvMkh0qMfB7dVYDutdKnltD_w6w,button:Editar infos|https://airtable.com/shrXkItsOMiCG6Y2E?prefill_Nome=ENGAGE%20Angels&prefill_Tipo=Angel%20Group&prefill_Sede=S%C3%A3o%20Paulo%20-%20SP&prefill_Website=https%3A%2F%2Fgust.com%2Faccelerators%2Fengage-angels&prefill_Setores%20%2F%20Areas%20de%20Interesse=B2B%2C%20Fintech&prefill_Est%C3%A1gio%20de%20Investimento=&prefill_Tese=Somos%20um%20grupo%20de%20investidores-anjo%20formado%20por%20altos%20executivos%20do%20mercado%20brasileiro.%20Realizamos%20f%C3%B3runs%20de%20investimentos%20bimestrais%20e%20eventos%20sociais%2C%20nos%20quais%20startups%20selecionadas%20por%20nosso%20comit%C3%AA%20de%20sele%C3%A7%C3%A3o%20apresentam%20seus%20projetos%20em%20busca%20de%20investimento.%20A%20ENGAGE%20Angels%20n%C3%A3o%20%C3%A9%20um%20fundo%20de%20investimentos%2C%20mas%20um%20grupo%20com%20interesse%20comum%20em%20que%20seus%20participantes%20podem%20prover%20mentorias%20e%20investir%20individualmente%20em%20diferentes%20startups.%20Estimulamos%2C%20inclusive%2C%20que%20mais%20de%20um%20investidor%20fa%C3%A7a%20aportes%20em%20uma%20mesma%20startup%20para%20possibilitar%20melhores%20resultados.&prefill_Montante%20do%20Primeiro%20Cheque=,Sem foco específico em agtech,R$ 50-200k,"Modelo B2B, Soluções financeiras"
EquityRio,Micro VC,"Rio de Janeiro, Rio de Janeiro",https://www.equityrio.com.br/,,Micro VC early stage.,https://v5.airtableusercontent.com/v3/u/46/46/1760220000000/Fhrp5oxqNv2isHRZBmSvHQ/wq71I6lmYJVMP221XL7H_R_nwZZitBhE3hANsOajyoOZciK4GwOgw27lrkg_HH2NhEvYCUtLOYUEI9CuCSo0LvPLQe5MlGPxir8rKiqLS7ehI4gcCDKM47hj4eB-4FUAmieHic2Iad6bZS8b8cPUlgD_559NXylEqM7uZL_KLZc/Uec0xmT3PuVAHIaWU9N6zBt4kqHF3Uf6PlzFIE956R0,button:Editar infos|https://airtable.com/shrXkItsOMiCG6Y2E?prefill_Nome=EquityRio&prefill_Tipo=Micro%20VC&prefill_Sede=Rio%20de%20Janeiro%2C%20Rio%20de%20Janeiro&prefill_Website=https%3A%2F%2Fwww.equityrio.com.br%2F&prefill_Setores%20%2F%20Areas%20de%20Interesse=&prefill_Est%C3%A1gio%20de%20Investimento=&prefill_Tese=Micro%20VC%20early%20stage.%0A&prefill_Montante%20do%20Primeiro%20Cheque=,Sem foco específico em agtech,R$ 200k-1M,Inovação tecnológica
FCJ RIO Ventures,Venture Builder,Rio de Janeiro,www.fcj.rio.br,"Smart Cities,Retail,Proptech,Logistics,Fintech,Energy,CyberSecurity,Construtech,Agtech,B2B,SaaS","Startups brasileiras que tenham produto próprio validado no mercado com ARR maior que R$200K, entre 2 e 4 fundadores e precisando destravar o crescimento e se preparar para rodadas de investimento. Preferimos empresas de serviços, de base tecnológica e negócios em plataforma. Nossa missão é tornar a investida cada vez mais atrativa ao capital de risco.",https://v5.airtableusercontent.com/v3/u/46/46/1760220000000/UVVN8U9NbfkBWa2Y4zfmwA/DPOdulnJldnWlBy0n8suxO79ov2BWmlHYYUU8n1iAUMNWUW2NuqbL3SrzORqh22qpv1Ts555JtLoPPv3fThg_LOeBexmf7G1HBa31Ls2iba2dB3i3ofT_4tGT1Qoyg1EEvuF5PJ8nwUKaGXpOwpdqS32rYxG4KaQ8NTWzc-TeTQ/qiYWi7A2uppcnH_N-FvjoFln932dWKVIbcBq633datw,button:Editar infos|https://airtable.com/shrXkItsOMiCG6Y2E?prefill_Nome=FCJ%20RIO%20Ventures&prefill_Tipo=Venture%20Builder&prefill_Sede=Rio%20de%20Janeiro&prefill_Website=www.fcj.rio.br&prefill_Setores%20%2F%20Areas%20de%20Interesse=Smart%20Cities%2C%20Retail%2C%20Proptech%2C%20Logistics%2C%20Fintech%2C%20Energy%2C%20CyberSecurity%2C%20Construtech%2C%20Agtech%2C%20B2B%2C%20SaaS&prefill_Est%C3%A1gio%20de%20Investimento=3.%20Primeiras%20receitas%2C%20CyberSecurity%2C%20Agtech%2C%20B2B%2C%20Energy%2C%20SaaS%2C%20Retail%2C%20Logistics%2C%20Smart%20Cities%2C%20Construtech%2C%20Fintech&prefill_Tese=Startups%20brasileiras%20que%20tenham%20produto%20pr%C3%B3prio%20validado%20no%20mercado%20com%20ARR%20maior%20que%20R%24200K%2C%20entre%202%20e%204%20fundadores%20e%20precisando%20destravar%20o%20crescimento%20e%20se%20preparar%20para%20rodadas%20de%20investimento.%20Preferimos%20empresas%20de%20servi%C3%A7os%2C%20de%20base%20tecnol%C3%B3gica%20e%20neg%C3%B3cios%20em%20plataforma.%20Nossa%20miss%C3%A3o%20%C3%A9%20tornar%20a%20investida%20cada%20vez%20mais%20atrativa%20ao%20capital%20de%20risco.&prefill_Montante%20do%20Primeiro%20Cheque=At%C3%A9%20R%24%20500%20mil,Investimentos em agtechs (detalhes não disponíveis),R$ 200k-2M,"Soluções para agronegócio, Modelo B2B, Produto SaaS, Soluções financeiras"
FCJ Triângulo,Venture Builder,"Uberlândia, MG",www.fcjtriangulo.com.br,"Agtech,Construtech,Fintech,SaaS,Energy,Logistics,Smart Cities,Software,Health,B2B,Retail,SMB,Proptech","As Venture Builders são organizações que constroem startups usando recursos próprios, ‘rompendo’ os modelos, como Venture Capital, Aceleradoras e Incubadoras. São também conhecidas como “Fábricas de Startups”, em um modelo que compartilha recursos, como infraestrutura, marketing, jurídico, contábil, entre outros. Diferente dos modelos tradicionais, o Venture Builder 4.0 incorpora a cultura de Inovação Aberta (Open Innovation), ou seja, ao invés de criar suas próprias startups, busca-se no mercado soluções inovadoras para desenvolvê-las.",https://v5.airtableusercontent.com/v3/u/46/46/1760220000000/mcKDv1qJCNaVKt7l5s6omQ/VvNJtNoS-CQflJK76L2avYG7prQqSecv8MIOkJpzTN1S2sSmBXTohUsJ9-X1lPAXmFoHqti4h1cylY12ezsKhl9Ii2X23wcMbDdJYAmcJ9j_EqFnBWRByTphxVCskQZ9o74yTD3JIEvMFFllZg04J_amFLyMCOlaDHgqacCApBw/czuGcvBhU7mJN2VPXCSrQsxdtQGwVcLyGWfQOfAKy3k,button:Editar infos|https://airtable.com/shrXkItsOMiCG6Y2E?prefill_Nome=FCJ%20Tri%C3%A2ngulo&prefill_Tipo=Venture%20Builder&prefill_Sede=Uberl%C3%A2ndia%2C%20MG&prefill_Website=www.fcjtriangulo.com.br&prefill_Setores%20%2F%20Areas%20de%20Interesse=Agtech%2C%20Construtech%2C%20Fintech%2C%20SaaS%2C%20Energy%2C%20Logistics%2C%20Smart%20Cities%2C%20Software%2C%20Health%2C%20B2B%2C%20Retail%2C%20SMB%2C%20Proptech&prefill_Est%C3%A1gio%20de%20Investimento=&prefill_Tese=As%20Venture%20Builders%20s%C3%A3o%20organiza%C3%A7%C3%B5es%20que%20constroem%20startups%20usando%20recursos%20pr%C3%B3prios%2C%20%E2%80%98rompendo%E2%80%99%20os%20modelos%2C%20como%20Venture%20Capital%2C%20Aceleradoras%20e%20Incubadoras.%20S%C3%A3o%20tamb%C3%A9m%20conhecidas%20como%20%E2%80%9CF%C3%A1bricas%20de%20Startups%E2%80%9D%2C%20em%20um%20modelo%20que%20compartilha%20recursos%2C%20como%20infraestrutura%2C%20marketing%2C%20jur%C3%ADdico%2C%20cont%C3%A1bil%2C%20entre%20outros.%0A%0ADiferente%20dos%20modelos%20tradicionais%2C%20o%20Venture%20Builder%204.0%20incorpora%20a%20cultura%20de%20Inova%C3%A7%C3%A3o%20Aberta%20%28Open%20Innovation%29%2C%20ou%20seja%2C%20ao%20inv%C3%A9s%20de%20criar%20suas%20pr%C3%B3prias%20startups%2C%20busca-se%20no%20mercado%20solu%C3%A7%C3%B5es%20inovadoras%20para%20desenvolv%C3%AA-las.&prefill_Montante%20do%20Primeiro%20Cheque=,Investimentos em agtechs (detalhes não disponíveis),R$ 200k-2M,"Soluções para agronegócio, Modelo B2B, Produto SaaS, Soluções financeiras, Soluções para saúde"
FCJ Venture Builder,Venture Builder,"Belo Horizonte, Minas Gerais",http://www.fcjparticipacoes.com.br,,A empresa é uma Builder Venture e foi fundada por um grupo de profissionais experientes.,https://v5.airtableusercontent.com/v3/u/46/46/1760220000000/HPb4oyATihxdHde-ZRXi1A/B30Rtt1KwzvlwNaJeCRdlrIYwnKZULdIe7ingF6ir1fZBGqfior-UgOHTJ0eM3AYaQZ7qhwJlGMeKeV0fhcTuePXNllbL2iH99_N-Rf-nJfwtxwigXeUIP4RlLuYpWYsJM7ebmY2qCiE_KobgpFwdCuOrB1xwIocDyaGRoXLCX8/zdLkd211YliTFf6fXQIFgh9rljpB_5JH7eZpcOBCgaM,button:Editar infos|https://airtable.com/shrXkItsOMiCG6Y2E?prefill_Nome=FCJ%20Venture%20Builder&prefill_Tipo=Venture%20Builder&prefill_Sede=Belo%20Horizonte%2C%20Minas%20Gerais&prefill_Website=http%3A%2F%2Fwww.fcjparticipacoes.com.br&prefill_Setores%20%2F%20Areas%20de%20Interesse=&prefill_Est%C3%A1gio%20de%20Investimento=&prefill_Tese=A%20empresa%20%C3%A9%20uma%20Builder%20Venture%20e%20foi%20fundada%20por%20um%20grupo%20de%20profissionais%20experientes.&prefill_Montante%20do%20Primeiro%20Cheque=,Sem foco específico em agtech,R$ 200k-2M,Inovação tecnológica
FDC Angels,Angel Group,Belo Horizonte,www.fdcangels.vc,"Agtech,B2B,Construtech,Deep Tech,Energy,Fintech,Enterprise,Health,Retail,SaaS,Smart Cities,SMB,Software,Hardware,Manufacturing","Visamos através de nossos anjos investir em startups no quatro cantos do Brasil, que tenham impacto positivo, ou seja, atendam à uma ou mais ODS da ONU. Startups que tragam melhoras para o Brasil e o mundo, com modelo que propicie, também, retorno aos acionistas.",https://v5.airtableusercontent.com/v3/u/46/46/1760220000000/Yy7YFHFdmsZqf3wfZJFFHw/CtUt_IoYD30dky6QFiAhxZvUaAFq5JNEaQV0lr-MkPL7OZgemjVdCuAWS9-IeTwlPuZgnK5-gUGKOpl4FfSb-dGNddQwk5pXbe3jSZO2YqPubC5WWAbcs4YJVgceHbA8UdTYQ7mbhxON0XvvCzhdew/oz25HDqQSNFFvE2j5QZwZQJG2q6Fq693GVdEQFdyrXk,button:Editar infos|https://airtable.com/shrXkItsOMiCG6Y2E?prefill_Nome=FDC%20Angels&prefill_Tipo=Angel%20Group&prefill_Sede=Belo%20Horizonte&prefill_Website=www.fdcangels.vc&prefill_Setores%20%2F%20Areas%20de%20Interesse=Agtech%2C%20B2B%2C%20Construtech%2C%20Deep%20Tech%2C%20Energy%2C%20Fintech%2C%20Enterprise%2C%20Health%2C%20Retail%2C%20SaaS%2C%20Smart%20Cities%2C%20SMB%2C%20Software%2C%20Hardware%2C%20Manufacturing&prefill_Est%C3%A1gio%20de%20Investimento=3.%20Primeiras%20receitas%2C%204.%20Em%20escala%20%28Series%20A%29&prefill_Tese=Visamos%20atrav%C3%A9s%20de%20nossos%20anjos%20investir%20em%20startups%20no%20quatro%20cantos%20do%20Brasil%2C%20que%20tenham%20impacto%20positivo%2C%20ou%20seja%2C%20atendam%20%C3%A0%20uma%20ou%20mais%20ODS%20da%20ONU.%20Startups%20que%20tragam%20melhoras%20para%20o%20Brasil%20e%20o%20mundo%2C%20com%20modelo%20que%20propicie%2C%20tamb%C3%A9m%2C%20retorno%20aos%20acionistas.%20&prefill_Montante%20do%20Primeiro%20Cheque=At%C3%A9%20R%24%201%20milh%C3%A3o,Investimentos em agtechs (detalhes não disponíveis),R$ 50-200k,"Soluções para agronegócio, Modelo B2B, Produto SaaS, Soluções financeiras, Soluções para saúde"
FEA Angels,Angel Group,"São Paulo, Sao Paulo",https://feaangels.com.br/,,Grupo anjos de ex-alunos da FEA USP.,https://v5.airtableusercontent.com/v3/u/46/46/1760220000000/B1Nlb2scHkg90sYcDJMzRg/HDJNP8apiQjewcjczyq1lNf4EY6OfhiMCLbEpD7-irEFszz63SQkBWu5JSGFRnl3A94TyhAQoQ_9JeCbQh42g0kC2Q7cteUBOhVCP_TGbnWZBgGLAhQhR-B5ITCXskYbGhrGZJ9fRFkyZMmOjqK31Q/bPufFf6Dkv3OFN32kfIGZkHurFsm_-YgFObFBdOd34g,button:Editar infos|https://airtable.com/shrXkItsOMiCG6Y2E?prefill_Nome=FEA%20Angels&prefill_Tipo=Angel%20Group&prefill_Sede=S%C3%A3o%20Paulo%2C%20Sao%20Paulo&prefill_Website=https%3A%2F%2Ffeaangels.com.br%2F&prefill_Setores%20%2F%20Areas%20de%20Interesse=&prefill_Est%C3%A1gio%20de%20Investimento=&prefill_Tese=Grupo%20anjos%20de%20ex-alunos%20da%20FEA%20USP.&prefill_Montante%20do%20Primeiro%20Cheque=,Sem foco específico em agtech,R$ 50-200k,Inovação tecnológica
FINEP,Early Stage VC,"Rio De Janeiro, Rio de Janeiro",http://www.finep.gov.br,,"FINEP é uma empresa de investimento brasileiro que investe nas áreas de ciência, tecnologia e muito mais.",https://v5.airtableusercontent.com/v3/u/46/46/1760220000000/ect7V6LQaqRUH6MVUmSqHQ/snzlPhKDm3byDD60BdpWIT29LbA2Dc5-xw0Y-7joaZ5xfGoOn2ZqUaV3QUD4nwswnjkXO65Wx_lKfmunskdWCGlyHpD-pLRadU8CM_8uyN6zqP1up4CIrJwpzYa1XM7uJBVG6q5sMymcD9s5epinDjG7_ha4bQViNAlLTgRaTSpNKH_QmulYnN65sblwmufma66BxXYZ_u9RY__fAfEY5g/OGMHqBZ0UEZfuwSRvkCFdfx2llKMUmpyJq_KcsC4qes,button:Editar infos|https://airtable.com/shrXkItsOMiCG6Y2E?prefill_Nome=FINEP&prefill_Tipo=Early%20Stage%20VC&prefill_Sede=Rio%20De%20Janeiro%2C%20Rio%20de%20Janeiro&prefill_Website=http%3A%2F%2Fwww.finep.gov.br&prefill_Setores%20%2F%20Areas%20de%20Interesse=&prefill_Est%C3%A1gio%20de%20Investimento=&prefill_Tese=FINEP%20%C3%A9%20uma%20empresa%20de%20investimento%20brasileiro%20que%20investe%20nas%20%C3%A1reas%20de%20ci%C3%AAncia%2C%20tecnologia%20e%20muito%20mais.&prefill_Montante%20do%20Primeiro%20Cheque=,Sem foco específico em agtech,R$ 500k-5M,Estágio inicial com tração
Floripa Angels,Angel Group,"Florianópolis, Santa Catarina",https://floripaangels.org/,,Grupo anjo de Florianópolis.,https://v5.airtableusercontent.com/v3/u/46/46/1760220000000/7az3GFlz9YhnGNVNMrrPTQ/ZlebRWhcIwzC_nG27KqLcCjdBsfSY8tOGKKjgRUKaTXAg1nnTeHvkLtKcK3jcd4T41zbUb3dwqBk6CZQk9V7SyEjX8BnpLVk8PQfpC8L9lk0Fn5dzro2-ZNgj1GFbQDuLknsKGhqCe388maKiTCdF18iwuHelqfQ81XjydIBocl9HeGtQ3M7ifyFqFnPNOwV/HXRdVkomJ6xRaZLUJgKZ36HdI81BHu2f0MMgiqqhY_o,button:Editar infos|https://airtable.com/shrXkItsOMiCG6Y2E?prefill_Nome=Floripa%20Angels&prefill_Tipo=Angel%20Group&prefill_Sede=Florian%C3%B3polis%2C%20Santa%20Catarina&prefill_Website=https%3A%2F%2Ffloripaangels.org%2F&prefill_Setores%20%2F%20Areas%20de%20Interesse=&prefill_Est%C3%A1gio%20de%20Investimento=&prefill_Tese=Grupo%20anjo%20de%20Florian%C3%B3polis.&prefill_Montante%20do%20Primeiro%20Cheque=,Sem foco específico em agtech,R$ 50-200k,Inovação tecnológica
Fundação Estudar Alumni Partners,Angel Group,"São Paulo, Sao Paulo",,,Fundação Estudar Alumni Partners é um fundo de investimento anjo independente da Fundação Estudar.,https://v5.airtableusercontent.com/v3/u/46/46/1760220000000/CgNoGG5xb7SHOvOImHpUeA/JKiZW84oIFtaLH1spdi9TPitcsj0NNjajUYhgHBwkSfM6P4O2zUcEzLZgCR-sNXfOTm2z8u-cT0DCkxiezDEzig26TEceMxxVLpPNF1ELtByMoNQrqm4uudHrdMlYy5TwL284C20oycJwOjzzkio6XRF39uH0p8LmXVZZZvcVF-Ow3w0sSRuQ3Zchgdxm2FfzBhcVlTekHzwkNjF30mdbw/fDEODRj9hsF-bMTB06onC5ORl9u-9S7_dt_QvM-vAXI,button:Editar infos|https://airtable.com/shrXkItsOMiCG6Y2E?prefill_Nome=Funda%C3%A7%C3%A3o%20Estudar%20Alumni%20Partners&prefill_Tipo=Angel%20Group&prefill_Sede=S%C3%A3o%20Paulo%2C%20Sao%20Paulo&prefill_Website=&prefill_Setores%20%2F%20Areas%20de%20Interesse=&prefill_Est%C3%A1gio%20de%20Investimento=&prefill_Tese=Funda%C3%A7%C3%A3o%20Estudar%20Alumni%20Partners%20%C3%A9%20um%20fundo%20de%20investimento%20anjo%20independente%20da%20Funda%C3%A7%C3%A3o%20Estudar.&prefill_Montante%20do%20Primeiro%20Cheque=,Sem foco específico em agtech,R$ 50-200k,Inovação tecnológica
Fundepar,Early Stage VC,"Belo Horizonte, MG",http://fundepar.com.br/,"Deep Tech,Agtech,Health,Manufacturing,Energy","A Fundepar é uma Gestora de Fundos de Investimento especializada no desenvolvimento de negócios inovadores de alto impacto. Apoiamos empresas emergentes por meio do aporte de capital empreendedor e do suporte à gestão, com ênfase na transformação de tecnologias em produtos e serviços de alto valor agregado. Através do fundo SEED4SCIENCE, selecionamos e investimos capital semente em empresas inovadoras de base tecnológica com alto potencial de crescimento.",https://v5.airtableusercontent.com/v3/u/46/46/1760220000000/YIFyJzmT2rar6KKE6JaSjA/O4_YBmLkfASOHgeLM3-IqPyesRJTZKDK0hjgYVYbiFePI8M29YLinz0iNSSQezCFZQ0zkvU4UhOYBuSzC3uTevCGF9lZPbTULNdvzYNaoVOHtIoK4KnK8NkV9hVdw6prFLmXCY_M0TyGES_JmBlLUw/Hi0tsSlgKShzJi7J1dEmVQhas_qEX-OQYFBuoDKXXUg,button:Editar infos|https://airtable.com/shrXkItsOMiCG6Y2E?prefill_Nome=Fundepar&prefill_Tipo=Early%20Stage%20VC&prefill_Sede=Belo%20Horizonte%2C%20MG&prefill_Website=http%3A%2F%2Ffundepar.com.br%2F&prefill_Setores%20%2F%20Areas%20de%20Interesse=Deep%20Tech%2C%20Agtech%2C%20Health%2C%20Manufacturing%2C%20Energy&prefill_Est%C3%A1gio%20de%20Investimento=&prefill_Tese=A%20Fundepar%20%C3%A9%20uma%20Gestora%20de%20Fundos%20de%20Investimento%20especializada%20no%20desenvolvimento%20de%20neg%C3%B3cios%20inovadores%20de%20alto%20impacto.%20Apoiamos%20empresas%20emergentes%20por%20meio%20do%20aporte%20de%20capital%20empreendedor%20e%20do%20suporte%20%C3%A0%20gest%C3%A3o%2C%20com%20%C3%AAnfase%20na%20transforma%C3%A7%C3%A3o%20de%20tecnologias%20em%20produtos%20e%20servi%C3%A7os%20de%20alto%20valor%20agregado.%20Atrav%C3%A9s%20do%20fundo%20SEED4SCIENCE%2C%20selecionamos%20e%20investimos%20capital%20semente%20em%20empresas%20inovadoras%20de%20base%20tecnol%C3%B3gica%20com%20alto%20potencial%20de%20crescimento.&prefill_Montante%20do%20Primeiro%20Cheque=,Investimentos em agtechs (detalhes não disponíveis),R$ 500k-5M,"Soluções para agronegócio, Soluções para saúde, Estágio inicial com tração"
G2capital,Micro VC,"Rio de Janeiro, Rio de Janeiro",http://g2capital.co/,,Boutique com foco em empresas (pre) seed que possuem inovação,https://v5.airtableusercontent.com/v3/u/46/46/1760220000000/TCOK_B1zrucVSn-Nez1ufQ/vrIvaX4XiUPQW50C7ppOpHWCT_Pex-WnnBqkpQQb4jo_N_B-gHpLqETMfogNstyAw_1ex5VrkbEWQ9Ze5N9yd74Ekp8Aku-nC8hKjq92UEM_wgOXS2YhJ5cUbzdZFONeKxU8TMS1ymFsNDZ_auo44w/ovzH2-z91PUwf1Lh09fWTAgdzKGbxvxWg0zVU4u3VUI,button:Editar infos|https://airtable.com/shrXkItsOMiCG6Y2E?prefill_Nome=G2capital&prefill_Tipo=Micro%20VC&prefill_Sede=Rio%20de%20Janeiro%2C%20Rio%20de%20Janeiro&prefill_Website=http%3A%2F%2Fg2capital.co%2F&prefill_Setores%20%2F%20Areas%20de%20Interesse=&prefill_Est%C3%A1gio%20de%20Investimento=&prefill_Tese=Boutique%20com%20foco%20em%20empresas%20%28pre%29%20seed%20que%20possuem%20inova%C3%A7%C3%A3o&prefill_Montante%20do%20Primeiro%20Cheque=,Sem foco específico em agtech,R$ 200k-1M,Inovação tecnológica
G2D Investments,Late Stage VC,"São Paulo, SP",https://www.g2d-investments.com/,"B2B,Fintech,SaaS,Software,CyberSecurity,Energy,Health,Retail,SMB,Agtech",Investimentos na América Latina em empresas de tecnologia de diversos setores da economia e em fase de scale-up.,https://v5.airtableusercontent.com/v3/u/46/46/1760220000000/-aEtjVD_RJHVPWNjXVg4mA/x_UPQhZ3zEELp6QNF_G9cPoJek5cSKb2bRgZeO49TTYnHgXsw5j2MGnH-tKnDRppLLdsjj0TRy6AweX4PsM0sLCmEA_Flxrlt2iT96pE6on35sSw_8unAtXWg_kOcZLlPfCWR8YjCHq1q--9gUR3rg/LJ1nm_EUx0jo8pJR1JmNnYTRLiRO4PnW5E-rCVyzA_E,button:Editar infos|https://airtable.com/shrXkItsOMiCG6Y2E?prefill_Nome=G2D%20Investments&prefill_Tipo=Late%20Stage%20VC&prefill_Sede=S%C3%A3o%20Paulo%2C%20SP&prefill_Website=https%3A%2F%2Fwww.g2d-investments.com%2F&prefill_Setores%20%2F%20Areas%20de%20Interesse=B2B%2C%20Fintech%2C%20SaaS%2C%20Software%2C%20CyberSecurity%2C%20Energy%2C%20Health%2C%20Retail%2C%20SMB%2C%20Agtech&prefill_Est%C3%A1gio%20de%20Investimento=B2B%2C%20%225.%20Growth%20Stage%20%28Series%20B%2C%20C%20e%20D%29%22%2C%204.%20Em%20escala%20%28Series%20A%29%2C%20Agtech%2C%20Energy%2C%20SaaS%2C%20Health%2C%20Logistics%2C%20Hardware%2C%20Software%2C%20Fintech%2C%20SMB%2C%20Enterprise%2C%20Retail%2C%20CyberSecurity&prefill_Tese=Investimentos%20na%20Am%C3%A9rica%20Latina%20em%20empresas%20de%20tecnologia%20de%20diversos%20setores%20da%20economia%20e%20em%20fase%20de%20scale-up.%20&prefill_Montante%20do%20Primeiro%20Cheque=Mais%20de%20R%24%2040%20milh%C3%B5es,Investimentos em agtechs (detalhes não disponíveis),US$ 5-50M,"Soluções para agronegócio, Modelo B2B, Produto SaaS, Soluções financeiras, Soluções para saúde, Empresa em crescimento"
Garan Ventures,Early Stage VC,"Brasília, Distrito Federal",www.garan.com.br,"SaaS,B2B,Health,Fintech","A Garan Ventures é pioneira no investimento-anjo no Centro-Oeste. Investe, com recursos próprios, cheques de até R$ 200.000,00 por startup. Com atuação destacada no Centro-Oeste, costuma ser o ""first look"" nas startups da região, ainda que seja agnóstica em geografia, setor ou porte.",https://v5.airtableusercontent.com/v3/u/46/46/1760220000000/nvqJsaZ9xlrpyLE6D9nxEQ/IMbH5-uYm-WngJ7ws_BLqHXzWl5o_gQxhCQXRHlfpG86ttgoqgw0LhJWREVAk90b-qmcE548Wm8z9riy9ladAVj2CPfSpPakxxIFCMiJJ8dWtpzQLJnss4dCPNYqBxr7ZJosNZii5UyXfkIMzlCfXQ/ZjLVL_Q1lxQifYCpNCl5CcXuu_qF8O6cxqv4P4n7t04,button:Editar infos|https://airtable.com/shrXkItsOMiCG6Y2E?prefill_Nome=Garan%20Ventures&prefill_Tipo=Early%20Stage%20VC&prefill_Sede=Bras%C3%ADlia%2C%20Distrito%20Federal&prefill_Website=www.garan.com.br&prefill_Setores%20%2F%20Areas%20de%20Interesse=SaaS%2C%20B2B%2C%20Health%2C%20Fintech&prefill_Est%C3%A1gio%20de%20Investimento=&prefill_Tese=A%20Garan%20Ventures%20%C3%A9%20pioneira%20no%20investimento-anjo%20no%20Centro-Oeste.%20Investe%2C%20com%20recursos%20pr%C3%B3prios%2C%20cheques%20de%20at%C3%A9%20R%24%20200.000%2C00%20por%20startup.%20Com%20atua%C3%A7%C3%A3o%20destacada%20no%20Centro-Oeste%2C%20costuma%20ser%20o%20%22first%20look%22%20nas%20startups%20da%20regi%C3%A3o%2C%20ainda%20que%20seja%20agn%C3%B3stica%20em%20geografia%2C%20setor%20ou%20porte.&prefill_Montante%20do%20Primeiro%20Cheque=,Sem foco específico em agtech,R$ 500k-5M,"Modelo B2B, Produto SaaS, Soluções financeiras, Soluções para saúde, Estágio inicial com tração"
Gávea Angels,Angel Group,Rio de Janeiro e São Paulo,gaveaangels.org.br,,"A Gávea Angels é a rede de anjos com maior tradição no Brasil. Ela se constitui como uma associação privada, sem fins lucrativos, formada por pessoas físicas e jurídicas, com o propósito de investir recursos financeiros e smart money em startups promissoras.",https://v5.airtableusercontent.com/v3/u/46/46/1760220000000/zksSjcJPxNQO1x2icMCZxw/EaKo5kQM3kZHqOG_KL5neCDuoOEw760hvMSAx0xZ7aHWiqZMwBjRxScNacxKd1o3qZ3y1F2YhqU6VjItiUJru8DmbbzO7rld7ab55DASxcgbW4zhnhXQSzwhWvk2jb7I_Q-ri1becHf6TuEyUzW1xg/2nW2pMXGC-FeTeyIFtCYHtrASSvNyQASd0OAQu7_8yI,button:Editar infos|https://airtable.com/shrXkItsOMiCG6Y2E?prefill_Nome=G%C3%A1vea%20Angels&prefill_Tipo=Angel%20Group&prefill_Sede=Rio%20de%20Janeiro%20e%20S%C3%A3o%20Paulo&prefill_Website=gaveaangels.org.br&prefill_Setores%20%2F%20Areas%20de%20Interesse=&prefill_Est%C3%A1gio%20de%20Investimento=&prefill_Tese=A%20G%C3%A1vea%20Angels%20%C3%A9%20a%20rede%20de%20anjos%20com%20maior%20tradi%C3%A7%C3%A3o%20no%20Brasil.%20Ela%20se%20constitui%20como%20uma%20associa%C3%A7%C3%A3o%20privada%2C%20sem%20fins%20lucrativos%2C%20formada%20por%20pessoas%20f%C3%ADsicas%20e%20jur%C3%ADdicas%2C%20com%20o%20prop%C3%B3sito%20de%20investir%20recursos%20financeiros%20e%20smart%20money%20em%20startups%20promissoras.&prefill_Montante%20do%20Primeiro%20Cheque=,Sem foco específico em agtech,R$ 50-200k,Inovação tecnológica
Global Founders Capital,Early Stage VC,"São Paulo, Sao Paulo",https://www.globalfounderscapital.com/,,Gestora global de investimento em Startups em estágio seed e growth.,https://v5.airtableusercontent.com/v3/u/46/46/1760220000000/IZAtyUdoKGS1Rxl570kf7Q/trxsxLE6YzUNvyioBRETDrJRQFbTmLkKxFxGpLYdmFwLQNtaNlE1WeMEjfajP6tddU7U5MOfqSWI2BUriPT9XKOudLHFU2b2w9Z2G-Ul5qEJBahirNNGkGdW2Lclr8XVXTyFqz5oJGsmZdgu5AJOAXkiEw9lUrmROeD9xyU81KKa4VZIPscgg8ezycO2x4ZC/nGO5j5h4l6Oo0l09O_NjYfeAkzmxGIPtv7SkmaBV9OU,button:Editar infos|https://airtable.com/shrXkItsOMiCG6Y2E?prefill_Nome=Global%20Founders%20Capital&prefill_Tipo=Early%20Stage%20VC&prefill_Sede=S%C3%A3o%20Paulo%2C%20Sao%20Paulo&prefill_Website=https%3A%2F%2Fwww.globalfounderscapital.com%2F&prefill_Setores%20%2F%20Areas%20de%20Interesse=&prefill_Est%C3%A1gio%20de%20Investimento=&prefill_Tese=Gestora%20global%20de%20investimento%20em%20Startups%20em%20est%C3%A1gio%20seed%20e%20growth.&prefill_Montante%20do%20Primeiro%20Cheque=,Sem foco específico em agtech,R$ 500k-5M,Estágio inicial com tração
Grao,Early Stage VC,"São Paulo, Sao Paulo",http://grao.vc/,,Gestora de investimento em Startups Early Stage.,https://v5.airtableusercontent.com/v3/u/46/46/1760220000000/5G0WvbNmxSgFfroq7Ab37w/wB4KqfoTzR0Q-MNlyn8vdaCZvP8_JofwnWDz1JLaYWlh6S-KufZ5-wICjjfFf4s0J-4wWZqXi9Gm4cZwfCjMwz-AXGrSFiFIJjzF2HcOkQ8HBMB3RFZ-dMFXxVGcpOmqAsLpJRoVL-uSyjcKl2taWg/VMi5WJ6_eKKj-LtCCiDrb7gyDAWsrdQBIiZn5qaXxiI,button:Editar infos|https://airtable.com/shrXkItsOMiCG6Y2E?prefill_Nome=Grao&prefill_Tipo=Early%20Stage%20VC&prefill_Sede=S%C3%A3o%20Paulo%2C%20Sao%20Paulo&prefill_Website=http%3A%2F%2Fgrao.vc%2F&prefill_Setores%20%2F%20Areas%20de%20Interesse=&prefill_Est%C3%A1gio%20de%20Investimento=&prefill_Tese=Gestora%20de%20investimento%20em%20Startups%20Early%20Stage.&prefill_Montante%20do%20Primeiro%20Cheque=,Sem foco específico em agtech,R$ 500k-5M,Estágio inicial com tração
Gravatech,Micro VC,"Recife, Pernambuco",https://www.gravatech.com.br/,,Investimento em inovação.,https://v5.airtableusercontent.com/v3/u/46/46/1760220000000/eG27Q4YnfA-weadj-EkUCw/7F7LC-5ZuKFUv-Hu755GWNkgWOQxwSwvSGJbrfjtsRsrs3Kd56v4OzMbfUo0srEfH6Xa8CTcQovlbIKz3To8IP5zlqjgfMGfCHouTXA64XtUuXzpJoY_cHsEyJjABFPMIycXsrUkxjV1PH50DhbjIP1Dsv2ZCrcNVI0830DG5zRw3jDASnpW46LdQ6jOIhN7/yi4w-uK0v-RGQahUk_xhQ4kxpWs-vkToBhOBHSgPrAE,button:Editar infos|https://airtable.com/shrXkItsOMiCG6Y2E?prefill_Nome=Gravatech&prefill_Tipo=Micro%20VC&prefill_Sede=Recife%2C%20Pernambuco&prefill_Website=https%3A%2F%2Fwww.gravatech.com.br%2F&prefill_Setores%20%2F%20Areas%20de%20Interesse=&prefill_Est%C3%A1gio%20de%20Investimento=&prefill_Tese=Investimento%20em%20inova%C3%A7%C3%A3o.&prefill_Montante%20do%20Primeiro%20Cheque=,Sem foco específico em agtech,R$ 200k-1M,Inovação tecnológica
Grupo EUAX,Accelerator,"Joinville, Santa Catarina",https://grupoeuax.com.br/,"B2B,Software,SaaS,Enterprise",Investimos em empresas de Tecnologia com recorrência de receita após estágio de validação da solução já com receitas.,,button:Editar infos|https://airtable.com/shrXkItsOMiCG6Y2E?prefill_Nome=Grupo%20EUAX&prefill_Tipo=Accelerator&prefill_Sede=Joinville%2C%20Santa%20Catarina&prefill_Website=https%3A%2F%2Fgrupoeuax.com.br%2F&prefill_Setores%20%2F%20Areas%20de%20Interesse=B2B%2C%20Software%2C%20SaaS%2C%20Enterprise&prefill_Est%C3%A1gio%20de%20Investimento=3.%20Primeiras%20receitas%2C%204.%20Em%20escala%20%28Series%20A%29&prefill_Tese=Investimos%20em%20empresas%20de%20Tecnologia%20com%20recorr%C3%AAncia%20de%20receita%20ap%C3%B3s%20est%C3%A1gio%20de%20valida%C3%A7%C3%A3o%20da%20solu%C3%A7%C3%A3o%20j%C3%A1%20com%20receitas.&prefill_Montante%20do%20Primeiro%20Cheque=At%C3%A9%20R%24%20500%20mil,Sem foco específico em agtech,R$ 50-300k,"Modelo B2B, Produto SaaS, Programa de aceleração"
Grupo Euax,Accelerator,"Joinville, Santa Catarina",www.grupoeuax.com.br,"B2B,Software,SaaS,Enterprise","Aceleramos empresas de Tecnologia em estágio inicial, porém com produto validado, com receitas recorrentes e comprovadas.",https://v5.airtableusercontent.com/v3/u/46/46/1760220000000/RBT3MkiFeXOz5kb-D3wx9Q/2qLMVHGRq1yNC9dNWzw8DirDsB52vQLnyNk_TmCrt-NgnItgFIVc2ck38fP2QCHpJEytCpxbwjlD_cR70I4lno3oe__2G71jE5iRyCrMCO19mj6Sck3hXMzsRCNRuRNEtjJk7Uvy2fZ6Hl3iCZVRIw/CM6tx7OssH8Lka0I8P5SUCVfhNE6auK7Zzf60U06GrY,button:Editar infos|https://airtable.com/shrXkItsOMiCG6Y2E?prefill_Nome=Grupo%20Euax&prefill_Tipo=Accelerator&prefill_Sede=Joinville%2C%20Santa%20Catarina&prefill_Website=www.grupoeuax.com.br&prefill_Setores%20%2F%20Areas%20de%20Interesse=B2B%2C%20Software%2C%20SaaS%2C%20Enterprise&prefill_Est%C3%A1gio%20de%20Investimento=3.%20Primeiras%20receitas%2C%204.%20Em%20escala%20%28Series%20A%29&prefill_Tese=Aceleramos%20empresas%20de%20Tecnologia%20em%20est%C3%A1gio%20inicial%2C%20por%C3%A9m%20com%20produto%20validado%2C%20com%20receitas%20recorrentes%20e%20comprovadas.&prefill_Montante%20do%20Primeiro%20Cheque=At%C3%A9%20R%24%201%20milh%C3%A3o,Sem foco específico em agtech,R$ 50-300k,"Modelo B2B, Produto SaaS, Programa de aceleração"
GVAngels,Angel Group,"São Paulo, Sao Paulo",https://www.gvangels.com.br,"Agtech,B2B,Construtech,CyberSecurity,Ecommerce / D2C,Energy,Fintech,Hardware,Health,Logistics,Proptech,SaaS,Software,SMB,Smart Cities,Enterprise,Retail","O GVAngels é o maior grupo de alumni de investimento-anjo do Brasil, fundado por ex-alunos da Fundação Getúlio Vargas de São Paulo (FGV-SP), em 2017. A rede GVAngels investe em startups de tecnologia que se propõem a resolver dores de grandes mercados (TAM>U$1bi), sendo agnóstica com relação a setores. Já foram realizados investimentos em cerca de 30 startups e os cheques têm sido em média de R$800k. O maior valor investido em uma startup foi de R$1,5 milhões. Somente podem se associar ao GVAngels ex-alunos dos principais cursos de oferecidos pela FGV-SP, em virtude de uma parceria entre a rede e a universidade. A Fundação Getúlio Vargas ocupa a 5ª colocação no ranking de 2019 do Global Go To Think Tanks Index, organizado pela Universidade da Pensilvânia. Por 11 anos consecutivos a universidade é considerada o melhor think tank da América Latina. O GVAngels tem suas raízes na escola de Administração de Empresas da FGV-SP (FGV-EAESP), onde se formaram a maior parte dos investidores-anjos associados. A FGV EAESP figura desde 2004 entre as melhores instituições do mundo pelas três mais importantes acreditadoras internacionais: Association to Advance Collegiate School of Business (AACSB), European Foundation for Management Development (Equis-EFMD) e Association of MBAs (AMBA). Apenas 82 das 14 mil escolas de negócios do mundo têm esta tríplice coroa. A FGV-EAESP faz parte também da Global Alliance of leading business schools (CEMS), que seleciona as melhores escolas de administração de todos os continentes. A Escola é a única brasileira a integrar a rede global.",https://v5.airtableusercontent.com/v3/u/46/46/1760220000000/J7ndqE0BhfxqNG1gPJiSQA/gFTzTw3gImKs-uTnFHrAdHDi-FVGt6OIcjceSn6pdYPz0hhtOXVYuO9JP2QqNnx-hedNV1c2alxZDHAmwp5HxlDvn5YjhDGT3TZyrA0EFNvXAy5pkMMLuGnb0ASGsOopS9hQP8izdIGy0KwQSxiwFA/TlYJxYT3ofnnZgx2PFKYul1xH9kvmXt6AWc0MXVV-OA,button:Editar infos|https://airtable.com/shrXkItsOMiCG6Y2E?prefill_Nome=GVAngels&prefill_Tipo=Angel%20Group&prefill_Sede=S%C3%A3o%20Paulo%2C%20Sao%20Paulo&prefill_Website=https%3A%2F%2Fwww.gvangels.com.br&prefill_Setores%20%2F%20Areas%20de%20Interesse=Agtech%2C%20B2B%2C%20Construtech%2C%20CyberSecurity%2C%20Ecommerce%20%2F%20D2C%2C%20Energy%2C%20Fintech%2C%20Hardware%2C%20Health%2C%20Logistics%2C%20Proptech%2C%20SaaS%2C%20Software%2C%20SMB%2C%20Smart%20Cities%2C%20Enterprise%2C%20Retail&prefill_Est%C3%A1gio%20de%20Investimento=3.%20Primeiras%20receitas&prefill_Tese=O%20GVAngels%20%C3%A9%20o%20maior%20grupo%20de%20alumni%20de%20investimento-anjo%20do%20Brasil%2C%20fundado%20por%20ex-alunos%20da%20Funda%C3%A7%C3%A3o%20Get%C3%BAlio%20Vargas%20de%20S%C3%A3o%20Paulo%20%28FGV-SP%29%2C%20em%202017.%0A%0AA%20rede%20GVAngels%20investe%20em%20startups%20de%20tecnologia%20que%20se%20prop%C3%B5em%20a%20resolver%20dores%20de%20grandes%20mercados%20%28TAM%3EU%241bi%29%2C%20sendo%20agn%C3%B3stica%20com%20rela%C3%A7%C3%A3o%20a%20setores.%20J%C3%A1%20foram%20realizados%20investimentos%20em%20cerca%20de%2030%20startups%20e%20os%20cheques%20t%C3%AAm%20sido%20em%20m%C3%A9dia%20de%20R%24800k.%20O%20maior%20valor%20investido%20em%20uma%20startup%20foi%20de%20R%241%2C5%20milh%C3%B5es.%0A%0ASomente%20podem%20se%20associar%20ao%20GVAngels%20ex-alunos%20dos%20principais%20cursos%20de%20oferecidos%20pela%20FGV-SP%2C%20em%20virtude%20de%20uma%20parceria%20entre%20a%20rede%20e%20a%20universidade.%20%0A%0AA%20Funda%C3%A7%C3%A3o%20Get%C3%BAlio%20Vargas%20ocupa%20a%205%C2%AA%20coloca%C3%A7%C3%A3o%20no%20ranking%20de%202019%20do%20Global%20Go%20To%20Think%20Tanks%20Index%2C%20organizado%20pela%20Universidade%20da%20Pensilv%C3%A2nia.%20Por%2011%20anos%20consecutivos%20a%20universidade%20%C3%A9%20considerada%20o%20melhor%20think%20tank%20da%20Am%C3%A9rica%20Latina.%0A%0AO%20GVAngels%20tem%20suas%20ra%C3%ADzes%20na%20escola%20de%20Administra%C3%A7%C3%A3o%20de%20Empresas%20da%20FGV-SP%20%28FGV-EAESP%29%2C%20onde%20se%20formaram%20a%20maior%20parte%20dos%20investidores-anjos%20associados.%20%0A%0AA%20FGV%20EAESP%20figura%20desde%202004%20entre%20as%20melhores%20institui%C3%A7%C3%B5es%20do%20mundo%20pelas%20tr%C3%AAs%20mais%20importantes%20acreditadoras%20internacionais%3A%20Association%20to%20Advance%20Collegiate%20School%20of%20Business%20%28AACSB%29%2C%20European%20Foundation%20for%20Management%20Development%20%28Equis-EFMD%29%20e%20Association%20of%20MBAs%20%28AMBA%29.%20Apenas%2082%20das%2014%20mil%20escolas%20de%20neg%C3%B3cios%20do%20mundo%20t%C3%AAm%20esta%20tr%C3%ADplice%20coroa.%20%0A%0AA%20FGV-EAESP%20faz%20parte%20tamb%C3%A9m%20da%20Global%20Alliance%20of%20leading%20business%20schools%20%28CEMS%29%2C%20que%20seleciona%20as%20melhores%20escolas%20de%20administra%C3%A7%C3%A3o%20de%20todos%20os%20continentes.%20A%20Escola%20%C3%A9%20a%20%C3%BAnica%20brasileira%20a%20integrar%20a%20rede%20global.&prefill_Montante%20do%20Primeiro%20Cheque=At%C3%A9%20R%24%205%20milh%C3%B5es,Investimentos em agtechs (detalhes não disponíveis),R$ 50-200k,"Soluções para agronegócio, Modelo B2B, Produto SaaS, Soluções financeiras, Soluções para saúde"
Happy Capital,Venture Builder,"Avenida Faria Lima, 4221, Conjunto 21, São Paulo / SP",www.happycapital.com.br,"Agtech,B2B,Deep Tech,Ecommerce / D2C,Fintech,Hardware,Enterprise,Software,Health,Manufacturing,Logistics,Retail","Somos a HappyCapital, uma Venture Builder criada com o objetivo de apoiar o ecossistema empreendedor. Realizamos aportes em iniciativas criativas, que tenham bons empreendedores e sustentabilidade. Além dos aportes, cuidamos também de toda a governança corporativa,  gestão administrativa e financeira da empresa, garantindo um alto nível de compliance na operação.",https://v5.airtableusercontent.com/v3/u/46/46/1760220000000/BeB84Ykuyw4Jd35OlBhcWQ/SP-osOj2BJ504gBWvz6gGhDpEUW7dVGsBX_a1dcaZDMY9WZJjQhemMn_Pdvlb4N1VT4tM17_kjulWxcixhFlptEpDxEUk0l9W3FIP2HLMSvBie_StjiaW67ijEj5dvFAUmt2gVejVkbnNjwNsh-Xd_dAfK1BkEMikhjQoKfysF8/lA2wilkp8B0hoUjCrkk-2bsBg1OXjiFQhTjvbu9qZzc,button:Editar infos|https://airtable.com/shrXkItsOMiCG6Y2E?prefill_Nome=Happy%20Capital&prefill_Tipo=Venture%20Builder&prefill_Sede=Avenida%20Faria%20Lima%2C%204221%2C%20Conjunto%2021%2C%20S%C3%A3o%20Paulo%20%2F%20SP&prefill_Website=www.happycapital.com.br&prefill_Setores%20%2F%20Areas%20de%20Interesse=Agtech%2C%20B2B%2C%20Deep%20Tech%2C%20Ecommerce%20%2F%20D2C%2C%20Fintech%2C%20Hardware%2C%20Enterprise%2C%20Software%2C%20Health%2C%20Manufacturing%2C%20Logistics%2C%20Retail&prefill_Est%C3%A1gio%20de%20Investimento=&prefill_Tese=Somos%20a%20HappyCapital%2C%20uma%20Venture%20Builder%20criada%20com%20o%20objetivo%20de%20apoiar%20o%20ecossistema%20empreendedor.%0A%0ARealizamos%20aportes%20em%20iniciativas%20criativas%2C%20que%20tenham%20bons%20empreendedores%20e%20sustentabilidade.%20%0A%20%0AAl%C3%A9m%20dos%20aportes%2C%20cuidamos%20tamb%C3%A9m%20de%20toda%20a%20governan%C3%A7a%20corporativa%2C%20%20gest%C3%A3o%20administrativa%20e%20financeira%20da%20empresa%2C%20garantindo%20um%20alto%20n%C3%ADvel%20de%20compliance%20na%20opera%C3%A7%C3%A3o.&prefill_Montante%20do%20Primeiro%20Cheque=,Investimentos em agtechs (detalhes não disponíveis),R$ 200k-2M,"Soluções para agronegócio, Modelo B2B, Soluções financeiras, Soluções para saúde"
HARDS,Accelerator,"Florianópolis, Santa Catarina",https://www.hards.com.br,"Software,Hardware,Logistics,Energy,Smart Cities",A primeira aceleradora de Software e Hardware do Brasil.,https://v5.airtableusercontent.com/v3/u/46/46/1760220000000/DPg5mSm9Ow4CLOL47yX_ew/WgR4tpV6Pwy4XZOzdc6xdsJYvMUhAI4XH5iX6KDxigDpvAovsD2WPkoX5bAGBeohMa7dOTQTxfKpsAk5t3SSJJG9rpJ3T28WDa8qRO6J7LDMQhrkswBbbo5pVnsRL6WWA82j8aCNcK_w2wUD-DNKN40ySabn93WdlcC--2OLs7H_potTPHw-R13x4sL23NT-C-5OIIOiQ0t7Bp53t3pZog/UGt_wg90Xdva0M2KmTixWGy0pBfF4LOli8klNjy0O14,button:Editar infos|https://airtable.com/shrXkItsOMiCG6Y2E?prefill_Nome=HARDS&prefill_Tipo=Accelerator&prefill_Sede=Florian%C3%B3polis%2C%20Santa%20Catarina&prefill_Website=https%3A%2F%2Fwww.hards.com.br&prefill_Setores%20%2F%20Areas%20de%20Interesse=Software%2C%20Hardware%2C%20Logistics%2C%20Energy%2C%20Smart%20Cities&prefill_Est%C3%A1gio%20de%20Investimento=&prefill_Tese=A%20primeira%20aceleradora%20de%20Software%20e%20Hardware%20do%20Brasil.&prefill_Montante%20do%20Primeiro%20Cheque=,Sem foco específico em agtech,R$ 50-300k,Programa de aceleração
HBS Angels,Angel Group,"São Paulo, Sao Paulo",https://www.hbsangels.com.br/,,Grupo Anjo da Harvard no Brasil.,https://v5.airtableusercontent.com/v3/u/46/46/1760220000000/DYZ5HBlQphELZgJ3eHLGrg/VEa14hXsS6Ms30h4FW-T6d74KstkoypzqypHs5f5NvOmOTdUwj2f2crip-HpXZ73KYalJdXetUJkKP2d7k7H70rlKBzoNH_vXAHpbjBojqFpdVEgnFH7oDumAaKuuUjzC56YjEplO5GoYgB2QQ8_hP6ex2p1K-q1IUH39wiHdFI/kj6sY0YoW2BZIWfi-AcP6gnvkZVWjj5GLmXDFx6rPM8,button:Editar infos|https://airtable.com/shrXkItsOMiCG6Y2E?prefill_Nome=HBS%20Angels&prefill_Tipo=Angel%20Group&prefill_Sede=S%C3%A3o%20Paulo%2C%20Sao%20Paulo&prefill_Website=https%3A%2F%2Fwww.hbsangels.com.br%2F&prefill_Setores%20%2F%20Areas%20de%20Interesse=&prefill_Est%C3%A1gio%20de%20Investimento=&prefill_Tese=Grupo%20Anjo%20da%20Harvard%20no%20Brasil.&prefill_Montante%20do%20Primeiro%20Cheque=,Sem foco específico em agtech,R$ 50-200k,Inovação tecnológica
Honey Island,Early Stage VC,"Curitiba, Paraná",https://www.honeyisland.capital/,,Gestora de investimento VC fundada pelos fundadores do Ebanx.,https://v5.airtableusercontent.com/v3/u/46/46/1760220000000/u1njsTiIp0wdNLMoHi8yjw/2dAw7Znmrl4afvMUoyIc4LggFHNXx8hMBH3YrDuLOc1Q8ZoU1TWepXFuwrDLOYt8H2WeAH0RakZ9SYGubzSSfyA33kqndqQFAr9TvBz3R4RfpODqMVHB61p9hkvKYUp9x3sxmFCyWws5eQd550zSgveo5YrTonKzxtGxXmuVqpk/-cds-EqpdZM4h_EfxX8msbfGI39T_AGNfruJLjWoaug,button:Editar infos|https://airtable.com/shrXkItsOMiCG6Y2E?prefill_Nome=Honey%20Island&prefill_Tipo=Early%20Stage%20VC&prefill_Sede=Curitiba%2C%20Paran%C3%A1&prefill_Website=https%3A%2F%2Fwww.honeyisland.capital%2F&prefill_Setores%20%2F%20Areas%20de%20Interesse=&prefill_Est%C3%A1gio%20de%20Investimento=&prefill_Tese=Gestora%20de%20investimento%20VC%20fundada%20pelos%20fundadores%20do%20Ebanx.&prefill_Montante%20do%20Primeiro%20Cheque=,Sem foco específico em agtech,R$ 500k-5M,Estágio inicial com tração
Indicator Capital,Early Stage VC,"São Paulo, Sao Paulo",http://indicatorcapital.com/,"CyberSecurity,Deep Tech,Agtech,B2B,Energy,SaaS,Retail,Logistics,Health,Hardware,Enterprise,Smart Cities,Software","A Indicator Capital é uma casa de venture capital early stage (Seed, Series A) com sede em São Paulo e Califórnia. Investimos em oportunidades de transformação digital que sejam capazes de criar novos mercados tornando-se essenciais para sobrevivência das corporações, com foco em empresas B2B.",https://v5.airtableusercontent.com/v3/u/46/46/1760220000000/gbMLHKTMkUovYulfcksVGw/NRrlRa9n_a16YX6nXGVzFs7UUDu2lPF3jiSwxUH76eZAdvq0D1qHL8Lw6Kdq6iC_9IbshNDgVXbhhx4mAs3Y7aKRSr6rRoJThzgbjhv4lclej19v65Ygkhd2JSBnlqsMnAEGw5EDWg-EHl9oLQ72cY617vl09utmHYlQa8MsLCTCp87FBwvMurI7WVR3GfAZ/VxkL_dzrO2oGDohiICNpopa93XNkNNT4TMaYUJq6Lso,button:Editar infos|https://airtable.com/shrXkItsOMiCG6Y2E?prefill_Nome=Indicator%20Capital&prefill_Tipo=Early%20Stage%20VC&prefill_Sede=S%C3%A3o%20Paulo%2C%20Sao%20Paulo&prefill_Website=http%3A%2F%2Findicatorcapital.com%2F&prefill_Setores%20%2F%20Areas%20de%20Interesse=CyberSecurity%2C%20Deep%20Tech%2C%20Agtech%2C%20B2B%2C%20Energy%2C%20SaaS%2C%20Retail%2C%20Logistics%2C%20Health%2C%20Hardware%2C%20Enterprise%2C%20Smart%20Cities%2C%20Software&prefill_Est%C3%A1gio%20de%20Investimento=4.%20Em%20escala%20%28Series%20A%29%2C%203.%20Primeiras%20receitas&prefill_Tese=A%20Indicator%20Capital%20%C3%A9%20uma%20casa%20de%20venture%20capital%20early%20stage%20%28Seed%2C%20Series%20A%29%20com%20sede%20em%20S%C3%A3o%20Paulo%20e%20Calif%C3%B3rnia.%20Investimos%20em%20oportunidades%20de%20transforma%C3%A7%C3%A3o%20digital%20que%20sejam%20capazes%20de%20criar%20novos%20mercados%20tornando-se%20essenciais%20para%20sobreviv%C3%AAncia%20das%20corpora%C3%A7%C3%B5es%2C%20com%20foco%20em%20empresas%20B2B.&prefill_Montante%20do%20Primeiro%20Cheque=At%C3%A9%20R%24%205%20milh%C3%B5es,Investimentos em agtechs (detalhes não disponíveis),R$ 500k-5M,"Soluções para agronegócio, Modelo B2B, Produto SaaS, Soluções para saúde, Estágio inicial com tração"
Innova Capital,Late Stage VC,"São Paulo, Sao Paulo",http://innovacapital.com.br/,,Investimentos em Startups em estágio avançados no Brasil.,https://v5.airtableusercontent.com/v3/u/46/46/1760220000000/65u8b_5oqVfbqgvMiKlKjg/WlnyldyvYAsmZiXm9EQ_35u98uHlcIb-GUY2tzpzOdIXwKZOnsi7lo44KymYwkErg-mgvQsp78uHnSWzxlF8Qxc5e64oO76Fyvry4mjHdMr-bZSITwQceOYBRDFe6eKtTknl_W7dhNI0T8hcnOQXDET6Xch2uxB2G4LkYRUcTNc/14ZDrx1TdLSVP06sX5smuhDarg_oejNXqxCu7ynjpyk,button:Editar infos|https://airtable.com/shrXkItsOMiCG6Y2E?prefill_Nome=Innova%20Capital&prefill_Tipo=Late%20Stage%20VC&prefill_Sede=S%C3%A3o%20Paulo%2C%20Sao%20Paulo&prefill_Website=http%3A%2F%2Finnovacapital.com.br%2F&prefill_Setores%20%2F%20Areas%20de%20Interesse=&prefill_Est%C3%A1gio%20de%20Investimento=&prefill_Tese=Investimentos%20em%20Startups%20em%20est%C3%A1gio%20avan%C3%A7ados%20no%20Brasil.&prefill_Montante%20do%20Primeiro%20Cheque=,Sem foco específico em agtech,US$ 5-50M,Empresa em crescimento
Inova Ventures Participações,Angel Group,"São Paulo, Sao Paulo",http://ivp.net.br,,Inova Ventures Participações foi fundada em 2011,https://v5.airtableusercontent.com/v3/u/46/46/1760220000000/mt5mTGSknxMCNeeUd2B1uA/hlUQVc7hKF_ZCGy7LIXsd8PWTmvy2dWe8HEzzQsGCbDuTRiuaKdZQRCdlEN57obf36xnUh50KI3DV95iVLUCvqM05-X1aZd4U_iLc68dmK_rwt-0NuzGTrSz291FtJteOsqw_jw7-_pydmbf7eWSIjAp5MKuV5xxluwpKSddnIltPr9NioC83br8H5ILtXgN/f1ktLXVJjIB6k6bFWXhjlq9LFEobOXVkRn6AElWAMDQ,button:Editar infos|https://airtable.com/shrXkItsOMiCG6Y2E?prefill_Nome=Inova%20Ventures%20Participa%C3%A7%C3%B5es&prefill_Tipo=Angel%20Group&prefill_Sede=S%C3%A3o%20Paulo%2C%20Sao%20Paulo&prefill_Website=http%3A%2F%2Fivp.net.br&prefill_Setores%20%2F%20Areas%20de%20Interesse=&prefill_Est%C3%A1gio%20de%20Investimento=&prefill_Tese=Inova%20Ventures%20Participa%C3%A7%C3%B5es%20foi%20fundada%20em%202011&prefill_Montante%20do%20Primeiro%20Cheque=,Sem foco específico em agtech,R$ 50-200k,Inovação tecnológica
InovaBRA,Accelerator,"São Paulo, Sao Paulo",https://inovabra.com.br/en/,,InovaBRA é um movimento Bradesco que aposta no futuro da inovação no Brasil.,https://v5.airtableusercontent.com/v3/u/46/46/1760220000000/DiHDFnK-ipI8e-tkHt8vhQ/xoFZP9-xcGe0upnZFfMrO2dkZsU24G6sQZDIUnJcNovh4YISOnwxOchoRT6ibwawJbuxnmI2Ytpo8qbbs2JYP1Jf0a23dFQUGC9QcbABA7RMstH0qw-1xIwh_222eBaCuf7HwjwzBIh10MLPMEMbFA/JScQ45StK1d4_C_tOCWp_zWh-1YBsuticbHgoUHYMCw,button:Editar infos|https://airtable.com/shrXkItsOMiCG6Y2E?prefill_Nome=InovaBRA&prefill_Tipo=Accelerator&prefill_Sede=S%C3%A3o%20Paulo%2C%20Sao%20Paulo&prefill_Website=https%3A%2F%2Finovabra.com.br%2Fen%2F&prefill_Setores%20%2F%20Areas%20de%20Interesse=&prefill_Est%C3%A1gio%20de%20Investimento=&prefill_Tese=InovaBRA%20%C3%A9%20um%20movimento%20Bradesco%20que%20aposta%20no%20futuro%20da%20inova%C3%A7%C3%A3o%20no%20Brasil.&prefill_Montante%20do%20Primeiro%20Cheque=,Sem foco específico em agtech,R$ 50-300k,Programa de aceleração
Insead Angels,Angel Group,"São Paulo, Sao Paulo",https://blogs.insead.edu/brazil-iaa/insead-angels-club-brazil/,,Grupo anjo da Escola de negócios francesa no Brasil.,https://v5.airtableusercontent.com/v3/u/46/46/1760220000000/p4LD2x57KDU4XKGrsJBbpQ/KPpTqUQT_E6lO9VRFvJ9vTjfRNfczeIFhOHumJ_8VJPNEPK196NRHRRPYkSH63olUVgdhxN_XpkNNlXOmlh-aVdLUbraWW2kXaZJkmTIyVSisdB_YbZH55TtJe6psh-iWjdWEAxMtkDEIF5HMwsOYRCow7nsGrUc42CUJdidufMqAW857VJgtNTGCL-JikVh/rNTcxmdCd-2KAYWsXB5PDhapl1VQrHNEW7ynWM79ojY,button:Editar infos|https://airtable.com/shrXkItsOMiCG6Y2E?prefill_Nome=Insead%20Angels&prefill_Tipo=Angel%20Group&prefill_Sede=S%C3%A3o%20Paulo%2C%20Sao%20Paulo&prefill_Website=https%3A%2F%2Fblogs.insead.edu%2Fbrazil-iaa%2Finsead-angels-club-brazil%2F&prefill_Setores%20%2F%20Areas%20de%20Interesse=&prefill_Est%C3%A1gio%20de%20Investimento=&prefill_Tese=Grupo%20anjo%20da%20Escola%20de%20neg%C3%B3cios%20francesa%20no%20Brasil.&prefill_Montante%20do%20Primeiro%20Cheque=,Sem foco específico em agtech,R$ 50-200k,Inovação tecnológica
Insper Angels,Angel Group,São Paulo,www.insperangels.com.br,"Agtech,SaaS,B2B,Construtech,Ecommerce / D2C,Enterprise,Fintech,Health,Proptech,SMB,Retail,Software,Logistics,Smart Cities,CyberSecurity","O Insper Angels é uma rede de investidores-anjos formada e gerida por ex-alunos do Insper, que tem como essência fomentar o empreendedorismo brasileiro ao conectar empreendedores excepcionais a investidores anjos engajados.",https://v5.airtableusercontent.com/v3/u/46/46/1760220000000/KpmnNOYexrkBOoyFwPRSyA/hLTl4bMxwrgjdB_SqLEzNdXJ8g75Sy5XO3HtlYHi8dTcE4a6CRfa8BhQQr3nBaRQfDLWiSxAu64nnk_Ws0WsVBvJGg7b3D_F8rDlFPm1m0rU7hvgYW1g6QkMdDaoj7m6XWYHWhmuRV-EfHn0KdDU4Q/2BZn8ofgAK7GFjaB2K43YWgNH-FX7uTVE_6nDhTJS8M,button:Editar infos|https://airtable.com/shrXkItsOMiCG6Y2E?prefill_Nome=Insper%20Angels&prefill_Tipo=Angel%20Group&prefill_Sede=S%C3%A3o%20Paulo&prefill_Website=www.insperangels.com.br&prefill_Setores%20%2F%20Areas%20de%20Interesse=Agtech%2C%20SaaS%2C%20B2B%2C%20Construtech%2C%20Ecommerce%20%2F%20D2C%2C%20Enterprise%2C%20Fintech%2C%20Health%2C%20Proptech%2C%20SMB%2C%20Retail%2C%20Software%2C%20Logistics%2C%20Smart%20Cities%2C%20CyberSecurity&prefill_Est%C3%A1gio%20de%20Investimento=&prefill_Tese=O%20Insper%20Angels%20%C3%A9%20uma%20rede%20de%20investidores-anjos%20formada%20e%20gerida%20por%20ex-alunos%20do%20Insper%2C%20que%20tem%20como%20ess%C3%AAncia%20fomentar%20o%20empreendedorismo%20brasileiro%20ao%20conectar%20empreendedores%20excepcionais%20a%20investidores%20anjos%20engajados.&prefill_Montante%20do%20Primeiro%20Cheque=,Investimentos em agtechs (detalhes não disponíveis),R$ 50-200k,"Soluções para agronegócio, Modelo B2B, Produto SaaS, Soluções financeiras, Soluções para saúde"
Invest Tech,Late Stage VC,"São Paulo, Sao Paulo",http://www.investtech.com.br/,"SaaS,B2B,Software","Uma das gestoras mais tradicionais do país, que domina tecnologia e busca por empreendedores excepcionais.",https://v5.airtableusercontent.com/v3/u/46/46/1760220000000/eWHXw3y0W-WdYc2eRlrvuQ/U_JffoclPZMOXwvMzAhl9x7JogtpYq6XExRwawEqIN6AduE-kLwS-sKCxVFOVhmCzFeDF_WfvJ8tfWFdWfi8mAVXAD_pSIhQfZP6VXerSLszuSFK6errWgxjyrqx_H_VH3FtLOiN9jfipNuhj3UnDrfwhrTmT_0DntVkg2BSvsU/zPFYMIj8SpBXLBe2t6wxEiuEhhbvsLUMK81Ceh8sT_Q,button:Editar infos|https://airtable.com/shrXkItsOMiCG6Y2E?prefill_Nome=Invest%20Tech&prefill_Tipo=Late%20Stage%20VC&prefill_Sede=S%C3%A3o%20Paulo%2C%20Sao%20Paulo&prefill_Website=http%3A%2F%2Fwww.investtech.com.br%2F&prefill_Setores%20%2F%20Areas%20de%20Interesse=SaaS%2C%20B2B%2C%20Software&prefill_Est%C3%A1gio%20de%20Investimento=&prefill_Tese=Uma%20das%20gestoras%20mais%20tradicionais%20do%20pa%C3%ADs%2C%20que%20domina%20tecnologia%20e%20busca%20por%20empreendedores%20excepcionais.&prefill_Montante%20do%20Primeiro%20Cheque=,Sem foco específico em agtech,US$ 5-50M,"Modelo B2B, Produto SaaS, Empresa em crescimento"
Investidores.vc,Angel Group,São Paulo,https://www.investidores.vc,"Software,B2B,Agtech,Enterprise,Fintech,Hardware,Health,SaaS,SMB,Logistics,Construtech","O Investidores.vc é um pool de anjos liderados pelo Amure Pinho. Investimos em startups em estágio inicial que já tenham ultrapassado R$25k de MRR (receita recorrente), o que prova minimamente o Problem-Solution-Fit. Gostamos de ser o primeiro investimento. Nossos cheques giram em torno de BRL 500.000 e nossas rodadas são rápidas e com termos que protegem o empreendedor. Entendemos que se queremos os melhores empreendedores é importante sentar do lado deles da mesa no primeiro investimento. Estamos localizados em São Paulo, mas investimos em startups de todo o país. No nosso portfolio temos empresas de 8 estados diferentes. Gostamos de liderar os rounds mas realizamos co-investimento.",https://v5.airtableusercontent.com/v3/u/46/46/1760220000000/v4RZWKXU1zRCJpjIGX1ZNg/jH0Fptw0xAK-xrRsMcrV4snjFD4e53GKr8AOl0jfVHUWtChDdXgtDtJeWT9K84k09QPAd4zze80psCk-JeSqwwsYZ3PHkWaVV7Q4Br0u4Cro8zbmHjhzfjSAcSB-Vx_j-2M_AsMIxlFG2D7nqkcv16j0v6uQr8VUzO8JezbwQDo/z7DBvDqJh0l6S2limFm11TifZmZczUsLDJRz6dEDv4w,button:Editar infos|https://airtable.com/shrXkItsOMiCG6Y2E?prefill_Nome=Investidores.vc&prefill_Tipo=Angel%20Group&prefill_Sede=S%C3%A3o%20Paulo&prefill_Website=https%3A%2F%2Fwww.investidores.vc&prefill_Setores%20%2F%20Areas%20de%20Interesse=Software%2C%20B2B%2C%20Agtech%2C%20Enterprise%2C%20Fintech%2C%20Hardware%2C%20Health%2C%20SaaS%2C%20SMB%2C%20Logistics%2C%20Construtech&prefill_Est%C3%A1gio%20de%20Investimento=&prefill_Tese=O%20Investidores.vc%20%C3%A9%20um%20pool%20de%20anjos%20liderados%20pelo%20Amure%20Pinho.%20Investimos%20em%20startups%20em%20est%C3%A1gio%20inicial%20que%20j%C3%A1%20tenham%20ultrapassado%20R%2425k%20de%20MRR%20%28receita%20recorrente%29%2C%20o%20que%20prova%20minimamente%20o%20Problem-Solution-Fit.%0A%0AGostamos%20de%20ser%20o%20primeiro%20investimento.%20Nossos%20cheques%20giram%20em%20torno%20de%20BRL%20500.000%20e%20nossas%20rodadas%20s%C3%A3o%20r%C3%A1pidas%20e%20com%20termos%20que%20protegem%20o%20empreendedor.%20Entendemos%20que%20se%20queremos%20os%20melhores%20empreendedores%20%C3%A9%20importante%20sentar%20do%20lado%20deles%20da%20mesa%20no%20primeiro%20investimento.%0A%0AEstamos%20localizados%20em%20S%C3%A3o%20Paulo%2C%20mas%20investimos%20em%20startups%20de%20todo%20o%20pa%C3%ADs.%20No%20nosso%20portfolio%20temos%20empresas%20de%208%20estados%20diferentes.%20Gostamos%20de%20liderar%20os%20rounds%20mas%20realizamos%20co-investimento.&prefill_Montante%20do%20Primeiro%20Cheque=,Investimentos em agtechs (detalhes não disponíveis),R$ 50-200k,"Soluções para agronegócio, Modelo B2B, Produto SaaS, Soluções financeiras, Soluções para saúde"
Investweb,Equity CrowdFunding,Blumenau - SC,investweb.co,Fintech,A Investweb é uma plataforma de crowdfunding que atua tanto no mercado imobiliário como startups e empresas. Conecta estas empresas a investidores que buscam rentabilidade.,,button:Editar infos|https://airtable.com/shrXkItsOMiCG6Y2E?prefill_Nome=Investweb%20&prefill_Tipo=Equity%20CrowdFunding&prefill_Sede=Blumenau%20-%20SC&prefill_Website=investweb.co&prefill_Setores%20%2F%20Areas%20de%20Interesse=Fintech&prefill_Est%C3%A1gio%20de%20Investimento=&prefill_Tese=A%20Investweb%20%C3%A9%20uma%20plataforma%20de%20crowdfunding%20que%20atua%20tanto%20no%20mercado%20imobili%C3%A1rio%20como%20startups%20e%20empresas.%20Conecta%20estas%20empresas%20a%20investidores%20que%20buscam%20rentabilidade.&prefill_Montante%20do%20Primeiro%20Cheque=,Sem foco específico em agtech,R$ 50-500k,Soluções financeiras
Ipanema Investimentos,Early Stage VC,Rio de Janeiro,Ipanemainvest.com,Proptech,"A Ipanema Investimentos, uma empresa tradicional de atração de investimentos ao Brasil, membro  do CEBRI (Centro Brasileiro de Relações Internacionais) tem focado parte de suas atividades na análise e investimentos em empresas de tecnologia, em especial em segmentos econômicos tradicionais, como o imobiliário.",https://v5.airtableusercontent.com/v3/u/46/46/1760220000000/YoiX2vaGSwDFNcJTNpY6mA/m1oBgmeIyV9_-dO3pYv7_Xg6xnjunzgdZ-oYXJsv0pkcNt5USprAyMmM2gtPDd8Bb7PqNrp2sdCV2E4Z-zPYpGx2rNDlIIxomAP4MV9oZgnm0Gre1xKYYvVfoyAgRfQHjp15xwqbRj8tLcUasdfXhshmuUnqCVyrq2NFqx_FAEkbBALYJorJN-NWuWNO8rZF/pjQiHfhT5zpbmt0-iltEqu-nBhf1atzjS6X9UNYs8os,button:Editar infos|https://airtable.com/shrXkItsOMiCG6Y2E?prefill_Nome=Ipanema%20Investimentos%20&prefill_Tipo=Early%20Stage%20VC&prefill_Sede=Rio%20de%20Janeiro%20&prefill_Website=Ipanemainvest.com&prefill_Setores%20%2F%20Areas%20de%20Interesse=Proptech&prefill_Est%C3%A1gio%20de%20Investimento=&prefill_Tese=A%20Ipanema%20Investimentos%2C%20uma%20empresa%20tradicional%20de%20atra%C3%A7%C3%A3o%20de%20investimentos%20ao%20Brasil%2C%20membro%20%20do%20CEBRI%20%28Centro%20Brasileiro%20de%20Rela%C3%A7%C3%B5es%20Internacionais%29%20tem%20focado%20parte%20de%20suas%20atividades%20na%20an%C3%A1lise%20e%20investimentos%20em%20empresas%20de%20tecnologia%2C%20em%20especial%20em%20segmentos%20econ%C3%B4micos%20tradicionais%2C%20como%20o%20imobili%C3%A1rio.&prefill_Montante%20do%20Primeiro%20Cheque=,Sem foco específico em agtech,R$ 500k-5M,Estágio inicial com tração
Iporanga Ventures,Early Stage VC,"São Paulo, Sao Paulo",http://www.ipo.ventures,,"Iporanga Ventures é uma gestora de recursos independente incorporada com foco em Venture Capital no estágio Pre-Seed/Seed Brasil, investindo em tech ventures desde 2011.",https://v5.airtableusercontent.com/v3/u/46/46/1760220000000/QkF0B2MveGBsLkhR5NnGYg/2VVBaHDF9KzbGJgcHE52KsLrVQNf9Ls03KFKzAQWVwSBFv-PZH7q6mt-zKyWda2Pq6p0z88S9ZNy-5l4TrgITSL4o4ovS2D-4EsIxrBmFn5aUbynDCj54QAeRjlOjlpXt0HVI6_68OIBvXp8_34-pw/-Zehtz2Z8E1GuX534CwuhfJhwdMJbLKeW4EgVaIEgZQ,button:Editar infos|https://airtable.com/shrXkItsOMiCG6Y2E?prefill_Nome=Iporanga%20Ventures&prefill_Tipo=Early%20Stage%20VC&prefill_Sede=S%C3%A3o%20Paulo%2C%20Sao%20Paulo&prefill_Website=http%3A%2F%2Fwww.ipo.ventures&prefill_Setores%20%2F%20Areas%20de%20Interesse=&prefill_Est%C3%A1gio%20de%20Investimento=&prefill_Tese=Iporanga%20Ventures%20%C3%A9%20uma%20gestora%20de%20recursos%20independente%20incorporada%20com%20foco%20em%20Venture%20Capital%20no%20est%C3%A1gio%20Pre-Seed%2FSeed%20Brasil%2C%20investindo%20em%20tech%20ventures%20desde%202011.&prefill_Montante%20do%20Primeiro%20Cheque=,Sem foco específico em agtech,R$ 500k-5M,Estágio inicial com tração
JUPTER,Micro VC,"Curitiba, Parana",http://jupter.co,,Plataforma Ecossistema para Open-Science-Originação,https://v5.airtableusercontent.com/v3/u/46/46/1760220000000/YcrEECB5DIkFa0weJR0IhA/TRBFPRRXXoiYEfmr8J1jJeAWw4qjOtBzW0MNzLU4019VcO0vAfLJN8Qf6zDGND3ao7LUpTxMJe0cQFioBBeG_QN4SIGwCNSwyGf0MVeUkZ9NNJZFugD12Y6Op8hduI0Ce3lB-HDFaoCyHxlXGxuX3g/9Rcn7Rkn_5PxfCBNVS-NDdy_Tn4QzsrkD-OBcRxpUSc,button:Editar infos|https://airtable.com/shrXkItsOMiCG6Y2E?prefill_Nome=JUPTER&prefill_Tipo=Micro%20VC&prefill_Sede=Curitiba%2C%20Parana&prefill_Website=http%3A%2F%2Fjupter.co&prefill_Setores%20%2F%20Areas%20de%20Interesse=&prefill_Est%C3%A1gio%20de%20Investimento=&prefill_Tese=Plataforma%20Ecossistema%20para%20Open-Science-Origina%C3%A7%C3%A3o&prefill_Montante%20do%20Primeiro%20Cheque=,Sem foco específico em agtech,R$ 200k-1M,Inovação tecnológica
Kaszek Ventures,Early Stage VC,"Buenos Aires, Sao Paulo",http://www.kaszek.com,,"Kaszek Ventures é uma firma de capital de investimento de risco em empresas de base tecnológica de alto impacto, cujo foco principal é a América Latina.",https://v5.airtableusercontent.com/v3/u/46/46/1760220000000/uguvFcrjegDqHDH6QcgtXw/-FzL72lMIgc2KZWZi-WIA1kgVmceOmYjLr65XLyUWulu5abbddNjrLGe4d7_83Fz4HxJi22Hji0XgkeKC9SoCRue3zyO1UyMXYjkh6flTgFK6lCGPaH4wsDfQf0ftC6LxsLQGU9M64IH4V9CLpVQNQpZ6nozyD1yxYqA-kg82gbk3F5Hvq8I1r9kcI97yWNP/ROhT6RjOBDtyuPNwVBRwU93-Vmy6jle5wWHAhE4zr_s,button:Editar infos|https://airtable.com/shrXkItsOMiCG6Y2E?prefill_Nome=Kaszek%20Ventures&prefill_Tipo=Early%20Stage%20VC&prefill_Sede=Buenos%20Aires%2C%20Sao%20Paulo&prefill_Website=http%3A%2F%2Fwww.kaszek.com&prefill_Setores%20%2F%20Areas%20de%20Interesse=&prefill_Est%C3%A1gio%20de%20Investimento=&prefill_Tese=Kaszek%20Ventures%20%C3%A9%20uma%20firma%20de%20capital%20de%20investimento%20de%20risco%20em%20empresas%20de%20base%20tecnol%C3%B3gica%20de%20alto%20impacto%2C%20cujo%20foco%20principal%20%C3%A9%20a%20Am%C3%A9rica%20Latina.&prefill_Montante%20do%20Primeiro%20Cheque=,Sem foco específico em agtech,R$ 500k-5M,Estágio inicial com tração
KICK Ventures,Micro VC,"São Paulo, Sao Paulo",http://www.kickgrupo.com.br,,KICK Ventures é considerado pelo mercado como um dos maiores e mais qualificados Venture Builder Capital na América Latina,https://v5.airtableusercontent.com/v3/u/46/46/1760220000000/EsC8X1qhHMB5tLKNujX1yw/E9LATmOTTVyp-e0jV8CJLRwfSJkgooH9d8faZmPSDO13t32WElmq9EmR3nPgAdVnLms1nWp86sjiP95-augY0VjSlu4N05BaiL2j-wepyAaKID0bVT7GRcsGPt5QPIQuDegiOEHuKjQLaDK7T1GxwXEOAld1kerwxcwnIDhYcp8/l8U6tQaB2bbCUNtrC4smL7S7GBimlivJor7PICf6WD0,button:Editar infos|https://airtable.com/shrXkItsOMiCG6Y2E?prefill_Nome=KICK%20Ventures&prefill_Tipo=Micro%20VC&prefill_Sede=S%C3%A3o%20Paulo%2C%20Sao%20Paulo&prefill_Website=http%3A%2F%2Fwww.kickgrupo.com.br&prefill_Setores%20%2F%20Areas%20de%20Interesse=&prefill_Est%C3%A1gio%20de%20Investimento=&prefill_Tese=KICK%20Ventures%20%C3%A9%20considerado%20pelo%20mercado%20como%20um%20dos%20maiores%20e%20mais%20qualificados%20Venture%20Builder%20Capital%20na%20Am%C3%A9rica%20Latina&prefill_Montante%20do%20Primeiro%20Cheque=,Sem foco específico em agtech,R$ 200k-1M,Inovação tecnológica
KPTL,Early Stage VC,"São Paulo, Sao Paulo",https://www.kptl.com.br/,,KPTL opera como uma empresa de capital de risco.,https://v5.airtableusercontent.com/v3/u/46/46/1760220000000/cAwBUyUYdX3Ac5rS6SYytQ/eMGfNBKFpv5ElaflafYBHtmZoPsUSWCWjFhCmCbugUSa33gIi8XpO0-WuFYw8mna9e-jvpF9wzNVFm6MZ6KZZD61YwPnylry22hb5vCCDSejRWo0t9_1LVe5y-hejkD0xHejgZ7OzfzvFhm2kFV8cg/eNXEXApx5ksq90o5okEmjht6xm9zoCtSVp7dnmBzM1M,button:Editar infos|https://airtable.com/shrXkItsOMiCG6Y2E?prefill_Nome=KPTL&prefill_Tipo=Early%20Stage%20VC&prefill_Sede=S%C3%A3o%20Paulo%2C%20Sao%20Paulo&prefill_Website=https%3A%2F%2Fwww.kptl.com.br%2F&prefill_Setores%20%2F%20Areas%20de%20Interesse=&prefill_Est%C3%A1gio%20de%20Investimento=&prefill_Tese=KPTL%20opera%20como%20uma%20empresa%20de%20capital%20de%20risco.&prefill_Montante%20do%20Primeiro%20Cheque=,Sem foco específico em agtech,R$ 500k-5M,Estágio inicial com tração
Kria,Equity CrowdFunding,"São Paulo, Sao Paulo",http://www.kria.vc,,Kria é uma plataforma virtual que permite aos empresários que procuram capital para se conectar diretamente com as pessoas,https://v5.airtableusercontent.com/v3/u/46/46/1760220000000/fX5SDz3-1VW7dsHbKTABSQ/eefonWkqunI8YPqfmEnK3pjbRgcVZ80_chwBqqcbc80z3hTy_t7yVDk6K7AbUdBMEhoYBmvof_mGpeb1kRKvMjlt8jaHnlVH9ybCez-Q6Vdl5LKBjiVSTbIiy2_Btu55BBSFqCjFdIlS5XwXjVb6gQ/UW1F2Xg04tcg9oHBe0RxTCEBGiHIAd613S57qio_2kg,button:Editar infos|https://airtable.com/shrXkItsOMiCG6Y2E?prefill_Nome=Kria&prefill_Tipo=Equity%20CrowdFunding&prefill_Sede=S%C3%A3o%20Paulo%2C%20Sao%20Paulo&prefill_Website=http%3A%2F%2Fwww.kria.vc&prefill_Setores%20%2F%20Areas%20de%20Interesse=&prefill_Est%C3%A1gio%20de%20Investimento=&prefill_Tese=Kria%20%C3%A9%20uma%20plataforma%20virtual%20que%20permite%20aos%20empres%C3%A1rios%20que%20procuram%20capital%20para%20se%20conectar%20diretamente%20com%20as%20pessoas&prefill_Montante%20do%20Primeiro%20Cheque=,Sem foco específico em agtech,R$ 50-500k,Inovação tecnológica
Kviv Ventures,Early Stage VC,"São Paulo, Sao Paulo",http://www.kvivventures.com,,Uma empresa VC Multisetorial que prioriza investimentos impacto nas empresas colocadas entre o início de Palco e Série B Redonda.,https://v5.airtableusercontent.com/v3/u/46/46/1760220000000/H6aKYHUADh35xn0OaYprSw/kE_tOh7e5xJUBqBmk53-gZEt-ktZsXoUBC6gSNhWFDXH3jIIF5MkyGkke7pkEzSqBmpHlz5HSTG5P1or881-A4ZVSZ1Yw8UI679X3UgtTsDNF7MPP3SKWxeaWm9sFfUksb82qXtsuYYQQ8N5FlHNZUHCDIeshnxFx9KC4sN9gnE/lhin4sJnOkjBnKZ9Y3ZKeGJ261I5j21y9e981oKMahw,button:Editar infos|https://airtable.com/shrXkItsOMiCG6Y2E?prefill_Nome=Kviv%20Ventures&prefill_Tipo=Early%20Stage%20VC&prefill_Sede=S%C3%A3o%20Paulo%2C%20Sao%20Paulo&prefill_Website=http%3A%2F%2Fwww.kvivventures.com&prefill_Setores%20%2F%20Areas%20de%20Interesse=&prefill_Est%C3%A1gio%20de%20Investimento=&prefill_Tese=Uma%20empresa%20VC%20Multisetorial%20que%20prioriza%20investimentos%20impacto%20nas%20empresas%20colocadas%20entre%20o%20in%C3%ADcio%20de%20Palco%20e%20S%C3%A9rie%20B%20Redonda.&prefill_Montante%20do%20Primeiro%20Cheque=,Sem foco específico em agtech,R$ 500k-5M,Estágio inicial com tração
LAAS Latin America Angels Society,Angel Group,sao paulo,www.laasoc.com,B2B,"Empresa de fomento e desenvolvimento de novos negócios voltada a aproximar e integrar estruturalmente investidores-anjo, empreendedores e demais elos do ecossistema do empreendedorismo na América Latina, produzindo valor econômico tangível para todos os participantes",https://v5.airtableusercontent.com/v3/u/46/46/1760220000000/tZDhRd3Sw-b7liimEfqSTg/haYNk8jH8tmftRROX0A6C7zBo56aVgw3p2KNvPfpKCv-WEKDPJRkHUKH2A5f3sFSNZScV8JfEKyFnNG1-CWCs-CCxwrpLzXiAmeQHqyvi0IpsyVeYybrYYK-TetNUxNGAKUS3tCsAPJnFSDMBMECVg/7lUKSsm1TZqccwZZkFUT6uY0zmkxuQENaXKTwr4h6-o,button:Editar infos|https://airtable.com/shrXkItsOMiCG6Y2E?prefill_Nome=LAAS%20Latin%20America%20Angels%20Society&prefill_Tipo=Angel%20Group&prefill_Sede=sao%20paulo&prefill_Website=www.laasoc.com&prefill_Setores%20%2F%20Areas%20de%20Interesse=B2B&prefill_Est%C3%A1gio%20de%20Investimento=&prefill_Tese=Empresa%20de%20fomento%20e%20desenvolvimento%20de%20novos%20neg%C3%B3cios%20voltada%20a%20aproximar%20e%20integrar%20estruturalmente%20investidores-anjo%2C%20empreendedores%20e%20demais%20elos%20do%20ecossistema%20do%20empreendedorismo%20na%20Am%C3%A9rica%20Latina%2C%20produzindo%20valor%20econ%C3%B4mico%20tang%C3%ADvel%20para%20todos%20os%20participantes&prefill_Montante%20do%20Primeiro%20Cheque=,Sem foco específico em agtech,R$ 50-200k,Modelo B2B
Liga Ventures,Accelerator,"São Paulo, Sao Paulo",https://lumiacapital.com/,,Liga Ventures é o primeiro acelerador brasileira totalmente dedicada a startups de ligação e grandes empresas.,https://v5.airtableusercontent.com/v3/u/46/46/1760220000000/JZV--hOT5hHtAQNPrxLmYw/WaMa48AzHvcPY0bTvOionxlurKXcp6H61ZwU8zAwq_kakfRaM9VTX_AcOKyy8DJ7E2LXbxO9jZcshcG4VMerHKO7c0pnkJZ68sz_ydCGLq1817KNKNtKbBtDNmEYOcwadR6cQ0k6dGIvaq61hqrsk3q5MY1HtcR53EErUeZDBFI/Dlw7tNceW-rAfteosslaysyx8z--twbYHoWxPyuZ3Ec,button:Editar infos|https://airtable.com/shrXkItsOMiCG6Y2E?prefill_Nome=Liga%20Ventures&prefill_Tipo=Accelerator&prefill_Sede=S%C3%A3o%20Paulo%2C%20Sao%20Paulo&prefill_Website=https%3A%2F%2Flumiacapital.com%2F&prefill_Setores%20%2F%20Areas%20de%20Interesse=&prefill_Est%C3%A1gio%20de%20Investimento=&prefill_Tese=Liga%20Ventures%20%C3%A9%20o%20primeiro%20acelerador%20brasileira%20totalmente%20dedicada%20a%20startups%20de%20liga%C3%A7%C3%A3o%20e%20grandes%20empresas.&prefill_Montante%20do%20Primeiro%20Cheque=,Sem foco específico em agtech,R$ 50-300k,Programa de aceleração
London Angels,Angel Group,Sao Paulo,https://www.linkedin.com/company/londonangelsbr,,Associação de Investidores Anjo formada por ex-alunos da London Business School no Brasil.,https://v5.airtableusercontent.com/v3/u/46/46/1760220000000/1_-KaG7uK8w0gstdFrVxNw/6jtZ7sdv8t9Ew60F_RdZq25WebT0PX0q99IKi1qaicVeBc_NNiM-gp2F_SaKSKaTuMTtrsR-_kAU1QVcKkHtrGbbgjMYSJUauQdlhk6Cv2AOqFpR2Q7pzjnVloYVCnPpCtqRarv6VcZ848DKfLwwc2i82O_Ajo0eGlAzoNNW4ukGikBxDHZR8LreKR45bbHz/jGxIXdiuUBs_odfDvv261FGjSCiZMutQIUTytcpy9HI,button:Editar infos|https://airtable.com/shrXkItsOMiCG6Y2E?prefill_Nome=London%20Angels&prefill_Tipo=Angel%20Group&prefill_Sede=Sao%20Paulo&prefill_Website=https%3A%2F%2Fwww.linkedin.com%2Fcompany%2Flondonangelsbr&prefill_Setores%20%2F%20Areas%20de%20Interesse=&prefill_Est%C3%A1gio%20de%20Investimento=&prefill_Tese=Associa%C3%A7%C3%A3o%20de%20Investidores%20Anjo%20formada%20por%20ex-alunos%20da%20London%20Business%20School%20no%20Brasil.&prefill_Montante%20do%20Primeiro%20Cheque=,Sem foco específico em agtech,R$ 50-200k,Inovação tecnológica
Loyall Ventures,Early Stage VC,São Paulo,www.loyall.com.br,"Agtech,Fintech,Health,SaaS","A Loyall foi fundada há 11 anos e tem como negócio principal gestão de patrimônio de grandes fortunas. Dentro das alocações, buscamos oportunidades em venture capital.",,button:Editar infos|https://airtable.com/shrXkItsOMiCG6Y2E?prefill_Nome=Loyall%20Ventures&prefill_Tipo=Early%20Stage%20VC&prefill_Sede=S%C3%A3o%20Paulo%20&prefill_Website=www.loyall.com.br&prefill_Setores%20%2F%20Areas%20de%20Interesse=Agtech%2C%20Fintech%2C%20Health%2C%20SaaS&prefill_Est%C3%A1gio%20de%20Investimento=&prefill_Tese=A%20Loyall%20foi%20fundada%20h%C3%A1%2011%20anos%20e%20tem%20como%20neg%C3%B3cio%20principal%20gest%C3%A3o%20de%20patrim%C3%B4nio%20de%20grandes%20fortunas.%0ADentro%20das%20aloca%C3%A7%C3%B5es%2C%20buscamos%20oportunidades%20em%20venture%20capital.&prefill_Montante%20do%20Primeiro%20Cheque=,Investimentos em agtechs (detalhes não disponíveis),R$ 500k-5M,"Soluções para agronegócio, Produto SaaS, Soluções financeiras, Soluções para saúde, Estágio inicial com tração"
Magaventures,Accelerator,"Rio do Sul, Santa Catarina",www.magaventures.com.br,"Agtech,Construtech,Ecommerce / D2C,B2B,CyberSecurity,Logistics","Somos o primeiro fundo de investimentos do Alto Vale do Itajaí, Santa Catarina. Investimos em startups em estágio inicial que estejam localizadas em nossa região.",https://v5.airtableusercontent.com/v3/u/46/46/1760220000000/13BTdaL1FtY5cLWrO7yUIQ/6Ky9qNfkGPi7RD7groi03N04hWYk5wq76TBcHKcmpDT3sNsv4VL1bcsM1Kb2gvKjjZBhwJcQ24NEBq6PIAiH-T91CSfirWP-5umR8Jfpuh-Vwo_zfvdoSv00VX6SUCeYO1cjIoIfq8ZZwHp0aGALFA/_EIP4NBTgYnUwZ-jfGaeR1qlTnYCyHOVgesssTvJXtA,button:Editar infos|https://airtable.com/shrXkItsOMiCG6Y2E?prefill_Nome=Magaventures&prefill_Tipo=Accelerator&prefill_Sede=Rio%20do%20Sul%2C%20Santa%20Catarina&prefill_Website=www.magaventures.com.br&prefill_Setores%20%2F%20Areas%20de%20Interesse=Agtech%2C%20Construtech%2C%20Ecommerce%20%2F%20D2C%2C%20B2B%2C%20CyberSecurity%2C%20Logistics&prefill_Est%C3%A1gio%20de%20Investimento=&prefill_Tese=Somos%20o%20primeiro%20fundo%20de%20investimentos%20do%20Alto%20Vale%20do%20Itaja%C3%AD%2C%20Santa%20Catarina.%20Investimos%20em%20startups%20em%20est%C3%A1gio%20inicial%20que%20estejam%20localizadas%20em%20nossa%20regi%C3%A3o.&prefill_Montante%20do%20Primeiro%20Cheque=,Investimentos em agtechs (detalhes não disponíveis),R$ 50-300k,"Soluções para agronegócio, Modelo B2B, Programa de aceleração"
Mais Aporte Desenvolvimento Ltda,Equity CrowdFunding,Rio de Janeiro,www.maisaporte.com,,Plataforma de Equity Crowdfunding,https://v5.airtableusercontent.com/v3/u/46/46/1760220000000/v0YspDs7eaMRHp2d6UN_rA/YhSB0j66WUzC7Bm8onydIkgoZyKDeij8_Q6Q7gokwy8ectOMFiuRWtzF7N_iaG3vLufxmfocpGdWPj65t8MNJQXof0bDNpfD2X-ieSWzN8X8iV4woOcNE0YYdzrloH0SV7kanOJNbcj1exG556fFwA/qYYw33CDMTPtyKkEmioc5ucjJfhGhISvxJh6iBsDgBQ,button:Editar infos|https://airtable.com/shrXkItsOMiCG6Y2E?prefill_Nome=Mais%20Aporte%20Desenvolvimento%20Ltda&prefill_Tipo=Equity%20CrowdFunding&prefill_Sede=Rio%20de%20Janeiro&prefill_Website=www.maisaporte.com&prefill_Setores%20%2F%20Areas%20de%20Interesse=&prefill_Est%C3%A1gio%20de%20Investimento=&prefill_Tese=Plataforma%20de%20Equity%20Crowdfunding&prefill_Montante%20do%20Primeiro%20Cheque=,Sem foco específico em agtech,R$ 50-500k,Inovação tecnológica
MAYA Capital,Early Stage VC,"São Paulo, Sao Paulo",https://maya.capital/,,"Uma empresa de venture em estágio inicial que apoia as empresas gerando acessibilidade, transformação e eficiência no Brasil e na América Latina.",https://v5.airtableusercontent.com/v3/u/46/46/1760220000000/Q9HWJUtEXXps7V3kBMNy4g/ktHuQRt5OzDJEIH8_0S49HdoGN3VbyN8k31a7QixqvFNkGdPF4aWaC6YwLVRQPsFS5h87Vj6z8PkWGFb9HpX_fPmOz_Tjd9__5luRYsm21Kqy7RmP7XW8fWMrYmjOGS8Gckx4manOrpHJZ6af7FhNuP9DJVcwu5Wi8TemyeiG4E/1ryb9sN9ZnexEqzh9YUXfK2TW2pA2OYxtemfedlnFrM,button:Editar infos|https://airtable.com/shrXkItsOMiCG6Y2E?prefill_Nome=MAYA%20Capital&prefill_Tipo=Early%20Stage%20VC&prefill_Sede=S%C3%A3o%20Paulo%2C%20Sao%20Paulo&prefill_Website=https%3A%2F%2Fmaya.capital%2F&prefill_Setores%20%2F%20Areas%20de%20Interesse=&prefill_Est%C3%A1gio%20de%20Investimento=&prefill_Tese=Uma%20empresa%20de%20venture%20em%20est%C3%A1gio%20inicial%20que%20apoia%20as%20empresas%20gerando%20acessibilidade%2C%20transforma%C3%A7%C3%A3o%20e%20efici%C3%AAncia%20no%20Brasil%20e%20na%20Am%C3%A9rica%20Latina.&prefill_Montante%20do%20Primeiro%20Cheque=,Sem foco específico em agtech,R$ 500k-5M,Estágio inicial com tração
Meli Fund,Early Stage VC,"São Paulo, Sao Paulo",https://www.mercadolibre.com/fund,,Braço Corporate Venture do Mercado Livre.,https://v5.airtableusercontent.com/v3/u/46/46/1760220000000/vROaeGTjHvIAsLUS9BWoZg/lV-EV0ignssL4yH7bh2H0kE3gl6TeZZvKg_-pn27iZtqtSkuQAPZc72OruvNYexT5-LvMXMFntVtptRjNeBgHNJWhm6MWgoz2eqk7_q45Pa_oRlPZRUZpy9Rda-4BSt62CeNk3dU7OZC3RH9oNkbg7JOoaNZz3i7sGmI1WA4aUE/uKgT8dshrzOyxRE7AFw7E8o6hjF_mf7XgaTTr1Mpg_8,button:Editar infos|https://airtable.com/shrXkItsOMiCG6Y2E?prefill_Nome=Meli%20Fund&prefill_Tipo=Early%20Stage%20VC&prefill_Sede=S%C3%A3o%20Paulo%2C%20Sao%20Paulo&prefill_Website=https%3A%2F%2Fwww.mercadolibre.com%2Ffund&prefill_Setores%20%2F%20Areas%20de%20Interesse=&prefill_Est%C3%A1gio%20de%20Investimento=&prefill_Tese=Bra%C3%A7o%20Corporate%20Venture%20do%20Mercado%20Livre.&prefill_Montante%20do%20Primeiro%20Cheque=,Sem foco específico em agtech,R$ 500k-5M,Estágio inicial com tração
Mindset Ventures,Early Stage VC,"São Paulo, Sao Paulo",http://www.mindset.ventures,,Mindset Ventures é uma firma de VC-estágio inicial que suporta empresários em seu crescimento e expansão internacional.,https://v5.airtableusercontent.com/v3/u/46/46/1760220000000/fgJwiKdvXCwzkhCm_pRN2A/gXiG-vGPtlo6J1r3LV_ZCRg8nQH18QLflyDYS62ghNW91JqLPF6kLkjhoNabCgTgWA3IcFjkDQNki0N2aCoLIkL5AkzCKI0Agtnm4riaQOp7vlHvB11hv9eOL65KgoNygsT0ME1cY8683XBh4V4YYXKUqWb0ebPH0KwDle-KqmE/_bfEqREpQdttCmBeZz-8L6Zy-a7knQr1BXMGdsGLEuE,button:Editar infos|https://airtable.com/shrXkItsOMiCG6Y2E?prefill_Nome=Mindset%20Ventures&prefill_Tipo=Early%20Stage%20VC&prefill_Sede=S%C3%A3o%20Paulo%2C%20Sao%20Paulo&prefill_Website=http%3A%2F%2Fwww.mindset.ventures&prefill_Setores%20%2F%20Areas%20de%20Interesse=&prefill_Est%C3%A1gio%20de%20Investimento=&prefill_Tese=Mindset%20Ventures%20%C3%A9%20uma%20firma%20de%20VC-est%C3%A1gio%20inicial%20que%20suporta%20empres%C3%A1rios%20em%20seu%20crescimento%20e%20expans%C3%A3o%20internacional.&prefill_Montante%20do%20Primeiro%20Cheque=,Sem foco específico em agtech,R$ 500k-5M,Estágio inicial com tração
MIT Alumni Angels of Brazil,Angel Group,São Paulo - SP,https://brazil.alumclub.mit.edu/s/1314/bp19/interior.aspx?sid=1314&gid=135&pgid=43987,"B2B,Fintech,Ecommerce / D2C,SaaS,Software","MIT Alumni Angels of Brazil (MITAABr) seeks to leverage the power of the MIT alumni network in Brazil to perform diligence on emerging business models and entrepreneurial opportunities. The participation provides an excellent window into the start up and investing process for those who wish to learn, to invest and be supported by the collective wisdom and empowerment MIT Alumni network . MIT Alumni Angels Brazil (MITAABr) is not a venture fund, an investment bank, a broker dealer, an investment clearing-house, or an investment advisor, but rather a nonprofit entity that stablishes a forum to introduce and educate investors and entrepreneurs about aspects of investment and business, with the objective of promoting angel investment and entrepreneurship in Brazil. MITAABr is not registered with the Brazilian Securities and Exchange Commission (“Comissão de Valores Mobiliários”).",https://v5.airtableusercontent.com/v3/u/46/46/1760220000000/R5oLrt3saoGOnfszq5SUJg/obdY1NKEwBXlGrE59d6KhJvFPF3_N6u-79sa72zkXIAaNSvPW78T3O5rLqg9JHPi9yn4vp5RvJA2bplqFFk8CtmARR96RnHU2smlm0bGF2PluCMS07nFnZWYJflELBS68CWnHVCXSf7I7a4qsCQWQr35cKwreH0CFS5J3twWQJoAzvI57KC3zp3saMWLYHX0/gkKVdojYsUyLlHNsS6IQ2c-_EZIx2jz0uaZQm2eaCIU,button:Editar infos|https://airtable.com/shrXkItsOMiCG6Y2E?prefill_Nome=MIT%20Alumni%20Angels%20of%20Brazil&prefill_Tipo=Angel%20Group&prefill_Sede=S%C3%A3o%20Paulo%20-%20SP&prefill_Website=https%3A%2F%2Fbrazil.alumclub.mit.edu%2Fs%2F1314%2Fbp19%2Finterior.aspx%3Fsid%3D1314%26gid%3D135%26pgid%3D43987&prefill_Setores%20%2F%20Areas%20de%20Interesse=B2B%2C%20Fintech%2C%20Ecommerce%20%2F%20D2C%2C%20SaaS%2C%20Software&prefill_Est%C3%A1gio%20de%20Investimento=&prefill_Tese=MIT%20Alumni%20Angels%20of%20Brazil%20%28MITAABr%29%20seeks%20to%20leverage%20the%20power%20of%20the%20MIT%20alumni%20network%20in%20Brazil%20to%20perform%20diligence%20on%20emerging%20business%20models%20and%20entrepreneurial%20opportunities.%20The%20participation%20provides%20an%20excellent%20window%20into%20the%20start%20up%20and%20investing%20process%20for%20those%20who%20wish%20to%20learn%2C%20to%20invest%20and%20be%20supported%20by%20the%20collective%20wisdom%20and%20empowerment%20MIT%20Alumni%20network%20.%0A%0AMIT%20Alumni%C2%A0Angels%20Brazil%20%28MITAABr%29%20is%20not%20a%20venture%20fund%2C%20an%20investment%20bank%2C%20a%20broker%20dealer%2C%20an%20investment%20clearing-house%2C%20or%20an%20investment%20advisor%2C%20but%20rather%20a%20nonprofit%20entity%20that%20stablishes%20a%20forum%20to%20introduce%20and%20educate%20investors%20and%20entrepreneurs%20about%20aspects%20of%20investment%20and%20business%2C%20with%20the%20objective%20of%20promoting%20angel%20investment%20and%20entrepreneurship%20in%20Brazil.%20MITAABr%20is%20not%20registered%20with%20the%20Brazilian%20Securities%20and%20Exchange%20Commission%20%28%E2%80%9CComiss%C3%A3o%20de%20Valores%20Mobili%C3%A1rios%E2%80%9D%29.%0A&prefill_Montante%20do%20Primeiro%20Cheque=,Sem foco específico em agtech,R$ 50-200k,"Modelo B2B, Produto SaaS, Soluções financeiras"
Moai Participações,Micro VC,"Brasília, DF",http://moaipar.com,"B2B,Energy,Fintech,Hardware,Logistics,Retail,Manufacturing","Buscamos investimentos no Brasil, América Latina e África em startups já constituídas nos setores assinalados na lista, em busca de rodadas seed ou seed-bridge e com necessidade de integração a ecossistemas já constituídos (cadeia de fornecedores e/ou carteira de clientes). Buscamos ARR de R$ 150 mil a R$ 1,2 milhão.",https://v5.airtableusercontent.com/v3/u/46/46/1760220000000/U9PORsuWtiuT55vQcVbMJw/zxgV-8hInGLsFFIz1eh9iUtHEkdcxrsnaRktXmDt1BuXvkftC8CagRkqoAtN7ZDhGhGn_nqvwsXl_4EzRcuX9gyhPzYaz6cKYKeDxeImQOYaHwWeg9qpKRddL6_QuovwehdBSf1W_WSw6GrP57DQMQ/IRBixvCplTyB6EwJsRHsueo3xVbbpG3NQgyaVznN_wM,button:Editar infos|https://airtable.com/shrXkItsOMiCG6Y2E?prefill_Nome=Moai%20Participa%C3%A7%C3%B5es&prefill_Tipo=Micro%20VC&prefill_Sede=Bras%C3%ADlia%2C%20DF&prefill_Website=http%3A%2F%2Fmoaipar.com&prefill_Setores%20%2F%20Areas%20de%20Interesse=B2B%2C%20Energy%2C%20Fintech%2C%20Hardware%2C%20Logistics%2C%20Retail%2C%20Manufacturing&prefill_Est%C3%A1gio%20de%20Investimento=3.%20Primeiras%20receitas%2C%202.%20MVP&prefill_Tese=Buscamos%20investimentos%20no%20Brasil%2C%20Am%C3%A9rica%20Latina%20e%20%C3%81frica%20em%20startups%20j%C3%A1%20constitu%C3%ADdas%20nos%20setores%20assinalados%20na%20lista%2C%20em%20busca%20de%20rodadas%20seed%20ou%20seed-bridge%20e%20com%20necessidade%20de%20integra%C3%A7%C3%A3o%20a%20ecossistemas%20j%C3%A1%20constitu%C3%ADdos%20%28cadeia%20de%20fornecedores%20e%2Fou%20carteira%20de%20clientes%29.%20Buscamos%20ARR%20de%20R%24%20150%20mil%20a%20R%24%201%2C2%20milh%C3%A3o.&prefill_Montante%20do%20Primeiro%20Cheque=At%C3%A9%20R%24%20200%20mil,Sem foco específico em agtech,R$ 200k-1M,"Modelo B2B, Soluções financeiras"
Monashees,Early Stage VC,"São Paulo, Sao Paulo",http://www.monashees.com.br,,Uma empresa globalmente ativa de capital de risco no Brasil que investe em empreendedores empenhados em criar soluções inovadoras para um mundo novo.,https://v5.airtableusercontent.com/v3/u/46/46/1760220000000/pXd9At8uSMKBOdg2nGHViw/Vdu07KtfcuOFZCkgihROc9Vz4wHzQxqoDFTQdwHeHerTaNGKh8dndtYlRk6I9Le9xEZmrPVWINl6hkAQfZUWiU2xfXWzMjS938lSSWsMlxXlD-1Qo6D5w44lpWUs7dD07L5b7rPtpYN6fOY1nvGbWz094Szo1TRG-80DBQuI114/CEOVYDUb7B9uxjBjnofr0ArUgQEaQbjtp--DyYGrntQ,button:Editar infos|https://airtable.com/shrXkItsOMiCG6Y2E?prefill_Nome=Monashees&prefill_Tipo=Early%20Stage%20VC&prefill_Sede=S%C3%A3o%20Paulo%2C%20Sao%20Paulo&prefill_Website=http%3A%2F%2Fwww.monashees.com.br&prefill_Setores%20%2F%20Areas%20de%20Interesse=&prefill_Est%C3%A1gio%20de%20Investimento=&prefill_Tese=Uma%20empresa%20globalmente%20ativa%20de%20capital%20de%20risco%20no%20Brasil%20que%20investe%20em%20empreendedores%20empenhados%20em%20criar%20solu%C3%A7%C3%B5es%20inovadoras%20para%20um%20mundo%20novo.&prefill_Montante%20do%20Primeiro%20Cheque=,Sem foco específico em agtech,R$ 500k-5M,Estágio inicial com tração
MOR Capital,Micro VC,"São Paulo, Sao Paulo",https://morcapital.com.br/,,Gestora de investimentos em Startups em estágio pre-seed e seed.,https://v5.airtableusercontent.com/v3/u/46/46/1760220000000/Q2bqPoAykyt0w3EvJG1uzA/jtwIVjlr4QjqSeG7wgzsLfl78_Jy8PT1ujaHxSHmZ0QS-r2KdFgmyOB2-szgdDjrW2kl75VSZrOtYzx5xQT3K_RRenqLEdSYMh1xlk1cJHFaAQmGCJe98y5MUx1BQSvO75JPlEZDA1TSd884FyQlUsE29GB8FwoCUmwG-Lb9EHc/hjIGxtIjhJIRE1BaeV-_ak_o_imfQopBYhrRCwTxa1o,button:Editar infos|https://airtable.com/shrXkItsOMiCG6Y2E?prefill_Nome=MOR%20Capital&prefill_Tipo=Micro%20VC&prefill_Sede=S%C3%A3o%20Paulo%2C%20Sao%20Paulo&prefill_Website=https%3A%2F%2Fmorcapital.com.br%2F&prefill_Setores%20%2F%20Areas%20de%20Interesse=&prefill_Est%C3%A1gio%20de%20Investimento=&prefill_Tese=Gestora%20de%20investimentos%20em%20Startups%20em%20est%C3%A1gio%20pre-seed%20e%20seed.&prefill_Montante%20do%20Primeiro%20Cheque=,Sem foco específico em agtech,R$ 200k-1M,Inovação tecnológica
Movile,Early Stage VC,Brasil,www.movile.com,"Fintech,Retail,Software","O Grupo Movile é um ecossistema de empresas de tecnologia líder na América Latina, e tem como sonho grande tornar a vida de 1 bilhão de pessoas melhor por meio de seus aplicativos. Com atuação global, a companhia já soma mais de 4.000 funcionários e é formada por iFood, PlayKids, Wavy, Sympla, Zoop e MovilePay.",https://v5.airtableusercontent.com/v3/u/46/46/1760220000000/dR9GCjuVMl7z3LbZR4DOWA/DepCZsaAo_tk_IE4SrdQGYLg9RZpHbwcnuE_zOgKlmQcn1y8oSt-qmv4jFSCSeHfwR9FzL9SRigMCKycai3kgIIemfOo3BVCMwzEN5efKbtiFT2a_cvOdp6zvgBDrcH6X9SRA6mgr10axPcqiayvAkn3c2On7Z9k-hjxBSLljU8/wnT3_EgROoFUiIAw9jVC0EHOqzoMbmyWWuTAL3prIlg,button:Editar infos|https://airtable.com/shrXkItsOMiCG6Y2E?prefill_Nome=Movile&prefill_Tipo=Early%20Stage%20VC&prefill_Sede=Brasil&prefill_Website=www.movile.com&prefill_Setores%20%2F%20Areas%20de%20Interesse=Fintech%2C%20Retail%2C%20Software&prefill_Est%C3%A1gio%20de%20Investimento=&prefill_Tese=O%20Grupo%20Movile%20%C3%A9%20um%20ecossistema%20de%20empresas%20de%20tecnologia%20l%C3%ADder%20na%20Am%C3%A9rica%20Latina%2C%20e%20tem%20como%20sonho%20grande%20tornar%20a%20vida%20de%201%20bilh%C3%A3o%20de%20pessoas%20melhor%20por%20meio%20de%20seus%20aplicativos.%20Com%20atua%C3%A7%C3%A3o%20global%2C%20a%20companhia%20j%C3%A1%20soma%20mais%20de%204.000%20funcion%C3%A1rios%20e%20%C3%A9%20formada%20por%20iFood%2C%20PlayKids%2C%20Wavy%2C%20Sympla%2C%20Zoop%20e%20MovilePay.%0A&prefill_Montante%20do%20Primeiro%20Cheque=,Sem foco específico em agtech,R$ 500k-5M,"Soluções financeiras, Estágio inicial com tração"
MSW Capital,Early Stage VC,"Rio De Janeiro, Rio de Janeiro",http://mswcapital.com.br/,,MSW Capital é uma equity e venture empresa de capital privado.,https://v5.airtableusercontent.com/v3/u/46/46/1760220000000/DfIsPcj5eI5t4ITQRuZfNg/533-KtqKMJLggd7THMu2PZGOxj3XWn1zdbf0Uo7PlXvUeui0CJ0teX1bMnGRGADlidov1FIV3xYi-RH31WHyMbh2D0BHUdj6TK8puz9bO4qY1xPhvq1QrGT4BFxSw9ItlklxkEZlvBzpqEhQ-R2q-SDaQmdFVaW27Yt4LRAqfqc/QUnMgEo9qdxM2aSb3xEiVO9XmgjQSvKzg31SFUt-XiE,button:Editar infos|https://airtable.com/shrXkItsOMiCG6Y2E?prefill_Nome=MSW%20Capital&prefill_Tipo=Early%20Stage%20VC&prefill_Sede=Rio%20De%20Janeiro%2C%20Rio%20de%20Janeiro&prefill_Website=http%3A%2F%2Fmswcapital.com.br%2F&prefill_Setores%20%2F%20Areas%20de%20Interesse=&prefill_Est%C3%A1gio%20de%20Investimento=&prefill_Tese=MSW%20Capital%20%C3%A9%20uma%20equity%20e%20venture%20empresa%20de%20capital%20privado.&prefill_Montante%20do%20Primeiro%20Cheque=,Sem foco específico em agtech,R$ 500k-5M,Estágio inicial com tração
NDA Capital,Private Equity,Sao Paulo,www.ndac.com.br,"B2B,Deep Tech,Ecommerce / D2C,Fintech,Health,Retail,SaaS,Software","Fundada em 2016 com capital privado e experiente know-how multidisciplinar, a NDA Capital provê recursos financeiros e gerenciais adequados à estruturação e aceleração do crescimento das sociedades investidas.",https://v5.airtableusercontent.com/v3/u/46/46/1760220000000/OzNzSipxTW185wE5-6y3WQ/WJJfC6akXqaw2D6skdSuLBm2IJk-UwwkVJ-nUoC2lSdoP5VWtym9Jmydm9WLeX1pbytnlh8DcLUNuacoq0LWDCetq5z8xwQU47O0W6qj_Az9R4BSGP6vg6d9AniyJP8mPxgXBYDoQtGS6at7YyIY9D-gsdBu6ArpKMGBGttVHaUuqNwHs7gcqR_K5_qUmXQh/m5ao2dU-NtGH9qdAnZ8IZ7YnRCn8DaSo6fl5wDmZXOc,button:Editar infos|https://airtable.com/shrXkItsOMiCG6Y2E?prefill_Nome=NDA%20Capital&prefill_Tipo=Private%20Equity&prefill_Sede=Sao%20Paulo&prefill_Website=www.ndac.com.br&prefill_Setores%20%2F%20Areas%20de%20Interesse=B2B%2C%20Deep%20Tech%2C%20Ecommerce%20%2F%20D2C%2C%20Fintech%2C%20Health%2C%20Retail%2C%20SaaS%2C%20Software&prefill_Est%C3%A1gio%20de%20Investimento=&prefill_Tese=Fundada%20em%202016%20com%20capital%20privado%20e%20experiente%20know-how%20multidisciplinar%2C%20a%20NDA%20Capital%20prov%C3%AA%20recursos%20financeiros%20e%20gerenciais%20adequados%20%C3%A0%20estrutura%C3%A7%C3%A3o%20e%20acelera%C3%A7%C3%A3o%20do%20crescimento%20das%20sociedades%20investidas.&prefill_Montante%20do%20Primeiro%20Cheque=,Sem foco específico em agtech,Variável,"Modelo B2B, Produto SaaS, Soluções financeiras, Soluções para saúde"
Nerd Ventures,Venture Builder,,https://www.nerdventures.com.br/,B2B,"A Nerd aporta recursos financeiros, infraestrutura, apoio jurídico, administrativo, contábil, técnico e comercial para transformar sonhos em realidade.",https://v5.airtableusercontent.com/v3/u/46/46/1760220000000/PypqPs7-ncYa7JIqBFnTeQ/euFVXV1TLyCTGjw5oNaFhq5sUrnSoDN3R6-aQppdkPSwH_KLDy3YMP_3QPBJ8CAyVIwGMccC-VxKJrYKjwZHGLsw8GV_K0MmTjHjGK6-JQyxuUmepaLUe5MdhisO3GeqDv9X5rLAPe1Jhg55UuhrWA/LRPpaLd-iFlKgiD98kLjDSAe4FyAZ0XRJnUARPQy8MQ,button:Editar infos|https://airtable.com/shrXkItsOMiCG6Y2E?prefill_Nome=Nerd%20Ventures&prefill_Tipo=Venture%20Builder&prefill_Sede=&prefill_Website=https%3A%2F%2Fwww.nerdventures.com.br%2F&prefill_Setores%20%2F%20Areas%20de%20Interesse=B2B&prefill_Est%C3%A1gio%20de%20Investimento=&prefill_Tese=A%20Nerd%20aporta%20recursos%20financeiros%2C%20infraestrutura%2C%20apoio%20jur%C3%ADdico%2C%20administrativo%2C%20cont%C3%A1bil%2C%20t%C3%A9cnico%20e%20comercial%20para%20transformar%20sonhos%20em%20realidade.&prefill_Montante%20do%20Primeiro%20Cheque=,Sem foco específico em agtech,R$ 200k-2M,Modelo B2B
Next A&M Ventures,Corporate Venture Capital,"São Paulo, São Paulo",https://bit.ly/Cadastro_DealFlow_NEXT,"B2B,Agtech,Health,Retail",Corporate Venture Capital nacional da consultoria Alvarez&Marsal,https://v5.airtableusercontent.com/v3/u/46/46/1760220000000/E7RL6rWey7oaa443KP-Elw/FTzZH4HU_xoZNc4AKPBqFiJA-rhULEL8DC1_yGSVEypjc2gs5M3V7g7rtAgnmLoMF9SlTAeQ8bfQMT4wms0kjaku_8CJHSRdQg46WLM_HMP14moJstoZutezNbaQhvdw0Vz7VU9gXUR5qvm_b9FhEw/_l_FclpFinaDTTJuzaNv9hkYK89eHarv9s_OGa480rA,button:Editar infos|https://airtable.com/shrXkItsOMiCG6Y2E?prefill_Nome=Next%20A%26M%20Ventures&prefill_Tipo=Corporate%20Venture%20Capital&prefill_Sede=S%C3%A3o%20Paulo%2C%20S%C3%A3o%20Paulo&prefill_Website=https%3A%2F%2Fbit.ly%2FCadastro_DealFlow_NEXT&prefill_Setores%20%2F%20Areas%20de%20Interesse=B2B%2C%20Agtech%2C%20Health%2C%20Retail&prefill_Est%C3%A1gio%20de%20Investimento=&prefill_Tese=Corporate%20Venture%20Capital%20nacional%20da%20consultoria%20Alvarez%26Marsal&prefill_Montante%20do%20Primeiro%20Cheque=,Investimentos em agtechs (detalhes não disponíveis),Variável,"Soluções para agronegócio, Modelo B2B, Soluções para saúde"
Norte Ventures,Early Stage VC,"Rio De Janeiro, Rio de Janeiro",,,Norte é um clube de investimento de capital de risco criado e gerido por empresários que investe em empresas brasileiras em fase inicial.,https://v5.airtableusercontent.com/v3/u/46/46/1760220000000/epRkxWDXvSvzzob0Pe57rw/uANLJdz7X7EB5r_DJK6NxsrH6UsdqIUCjI4kYFZAs1-M23Pbrgdx7vttuoXGveeQXBtmaGB0UfJMQEMoBH5KFK_QdAtwCH9H3uTWoo-wcen-XSvNvaZmvgTSnXf_H0okM7Gotvx2oTnL7BWS_mCiMblPK-WEKv20XZN05LkD0kA/bVo2i24AjZ_kAQcrHh6DjW7gdGa9g9iJklZ4jpPM1sM,button:Editar infos|https://airtable.com/shrXkItsOMiCG6Y2E?prefill_Nome=Norte%20Ventures&prefill_Tipo=Early%20Stage%20VC&prefill_Sede=Rio%20De%20Janeiro%2C%20Rio%20de%20Janeiro&prefill_Website=&prefill_Setores%20%2F%20Areas%20de%20Interesse=&prefill_Est%C3%A1gio%20de%20Investimento=&prefill_Tese=Norte%20%C3%A9%20um%20clube%20de%20investimento%20de%20capital%20de%20risco%20criado%20e%20gerido%20por%20empres%C3%A1rios%20que%20investe%20em%20empresas%20brasileiras%20em%20fase%20inicial.&prefill_Montante%20do%20Primeiro%20Cheque=,Sem foco específico em agtech,R$ 500k-5M,Estágio inicial com tração
NovoAgro Ventures,Venture Builder,"Belo Horizonte, MG",https://novoagro.ventures/,Agtech,"Somos uma Venture Builder do setor do Agronegócio, que seleciona de forma contínua inovações aplicadas e startups focadas no setor de agronegócio, que tenham paixão pelo propósito do negócio com foco na geração de valor para o mercado.",https://v5.airtableusercontent.com/v3/u/46/46/1760220000000/LGHvDYNbzAud2yISpGHm6w/QTTRK_dJPuFSRENiLn9XNpc6FqgHExuN1wfpfAvMxNeNWWunBXo-RGAMx_QoRBr61xo4JuOgF7Lz-eeobKuGWufrqL_HhBc9-ccDJfvr0H-802sh37qrs8-QWYa2G71pTmGGqCjgWA4_-G37Hx1WsfK8ai-lfPuuEBvV00uz-OI/i8dxNUnFMM4tAttiC37sK3Jqed4Yl8aOFtsObia5LBg,button:Editar infos|https://airtable.com/shrXkItsOMiCG6Y2E?prefill_Nome=NovoAgro%20Ventures&prefill_Tipo=Venture%20Builder&prefill_Sede=Belo%20Horizonte%2C%20MG&prefill_Website=https%3A%2F%2Fnovoagro.ventures%2F&prefill_Setores%20%2F%20Areas%20de%20Interesse=Agtech&prefill_Est%C3%A1gio%20de%20Investimento=&prefill_Tese=Somos%20uma%20Venture%20Builder%20do%20setor%20do%20Agroneg%C3%B3cio%2C%20que%20seleciona%20de%20forma%20cont%C3%ADnua%20inova%C3%A7%C3%B5es%20aplicadas%20e%20startups%20focadas%20no%20setor%20de%20agroneg%C3%B3cio%2C%20que%20tenham%20paix%C3%A3o%20pelo%20prop%C3%B3sito%20do%20neg%C3%B3cio%20com%20foco%20na%20gera%C3%A7%C3%A3o%20de%20valor%20para%20o%20mercado.&prefill_Montante%20do%20Primeiro%20Cheque=,Investimentos em agtechs (detalhes não disponíveis),R$ 200k-2M,Soluções para agronegócio
NXTP Ventures,Early Stage VC,"Buenos Aires, Argentina",http://nxtp.vc/,"B2B,SaaS,Logistics,CyberSecurity,Fintech",We partner with exceptional founders pursuing high growth market opportunities and help build companies into future market leaders with long-term competitve advantages.,https://v5.airtableusercontent.com/v3/u/46/46/1760220000000/kg4HEnrsgG0Hi7vcuQ08dg/aoqrcougGg6l9BjfX-vCsCmvOp_InSoBFrgycRHMc29p5SmU5ZuEMAIlZM7DwFy0hcsbC3nX7l2za_24hr9jbIXVWpeM9a84Ee118SFybvGV56wdXlbAY-VQSXM-Vpn__D2YaQWfCjOA3fPvWtFJ-tzCxkCmoLpLofFcYGiNzMeVf4xUqrlpyUSUIckwq1-_/Z5XJgDffspnR0FO8_J6H7fwmqESMy_xJRwG3AnDIq1M,button:Editar infos|https://airtable.com/shrXkItsOMiCG6Y2E?prefill_Nome=NXTP%20Ventures&prefill_Tipo=Early%20Stage%20VC&prefill_Sede=Buenos%20Aires%2C%20Argentina&prefill_Website=http%3A%2F%2Fnxtp.vc%2F&prefill_Setores%20%2F%20Areas%20de%20Interesse=B2B%2C%20SaaS%2C%20Logistics%2C%20CyberSecurity%2C%20Fintech&prefill_Est%C3%A1gio%20de%20Investimento=&prefill_Tese=We%20partner%20with%20exceptional%20founders%20pursuing%20high%20growth%20market%20opportunities%20and%20help%20build%20companies%20into%20future%20market%20leaders%20with%20long-term%20competitve%20advantages.&prefill_Montante%20do%20Primeiro%20Cheque=,Sem foco específico em agtech,R$ 500k-5M,"Modelo B2B, Produto SaaS, Soluções financeiras, Estágio inicial com tração"
OBr.global,Accelerator,Rio de Janeiro,https://obr.global,"Agtech,B2B,CyberSecurity,Energy,Enterprise,Fintech,Health,Logistics,Proptech,SaaS,Smart Cities,SMB,Software","Startups com vocação global e receita recorrente mínima de R$50.000/mês nas verticais de Fintech, Cybersecurity, Healthtech, ESG, Proptech, Agtech, Edtech, Energy, Smart Cities, Logistics. Atuamos nos segmentos: Startups, SMB, Enterprise.",https://v5.airtableusercontent.com/v3/u/46/46/1760220000000/WUe01EBtjIk4HPcFjBpm5Q/OC5eKZRe6UfDVfPCVXxn8NbzEULQyxfBQSoT6HX5cInq8asRVj7OqvcM_SeAi2RSKfI_TRnNIL6yxuz0e0OVT2FqmJIVwjJgTOvaNFuO0i_WsXD0XqvFZ1rD4qEhoE9yS-nBjTUBp3eD1g7ctoKyDg/bwDFFKgmlTWXUOnc4jJ8Yr3MFkS6TcGd-vJ82YN7ZA8,button:Editar infos|https://airtable.com/shrXkItsOMiCG6Y2E?prefill_Nome=OBr.global&prefill_Tipo=Accelerator&prefill_Sede=Rio%20de%20Janeiro&prefill_Website=https%3A%2F%2Fobr.global&prefill_Setores%20%2F%20Areas%20de%20Interesse=Agtech%2C%20B2B%2C%20CyberSecurity%2C%20Energy%2C%20Enterprise%2C%20Fintech%2C%20Health%2C%20Logistics%2C%20Proptech%2C%20SaaS%2C%20Smart%20Cities%2C%20SMB%2C%20Software&prefill_Est%C3%A1gio%20de%20Investimento=CyberSecurity%2C%20Agtech%2C%20B2B%2C%20Energy%2C%20SaaS%2C%20Logistics%2C%20Health%2C%202.%20MVP%2C%203.%20Primeiras%20receitas%2C%204.%20Em%20escala%20%28Series%20A%29%2C%20%225.%20Growth%20Stage%20%28Series%20B%2C%20C%20e%20D%29%22%2C%20Enterprise%2C%20Smart%20Cities%2C%20Software%2C%20Fintech%2C%20SMB&prefill_Tese=Startups%20com%20voca%C3%A7%C3%A3o%20global%20e%20receita%20recorrente%20m%C3%ADnima%20de%20R%2450.000%2Fm%C3%AAs%20nas%20verticais%20de%20Fintech%2C%20Cybersecurity%2C%20Healthtech%2C%20ESG%2C%20Proptech%2C%20Agtech%2C%20Edtech%2C%20Energy%2C%20Smart%20Cities%2C%20Logistics.%20Atuamos%20nos%20segmentos%3A%20Startups%2C%20SMB%2C%20Enterprise.&prefill_Montante%20do%20Primeiro%20Cheque=,Investimentos em agtechs (detalhes não disponíveis),R$ 50-300k,"Soluções para agronegócio, Modelo B2B, Produto SaaS, Soluções financeiras, Soluções para saúde, Programa de aceleração"
Omidyar,Early Stage VC,"São Paulo, Sao Paulo",https://www.omidyar.com/,,Fundo de ex-fundador do Ebay. Focado em Investimento de impacto em Fintech e EDTECH.,https://v5.airtableusercontent.com/v3/u/46/46/1760220000000/g1ITOjupf9rIudiYU3Chug/-yuSbyJCUebgdelUGc8d8KCEno3xT4rSb9l_RMqABz0H8ZVS48UOoaswdZkTLHV6Kcc3_LmQwpcRGbGlpsvKUzqKTvIujEpI96WyAKZLOnBSHytEN_J4Lds2NoRomD2vSryibhO3fchEYH5Y2Gqu9womb0-FU0-eNumAFuwGD-ZhyocF_9iCslLj8tNTl9vw/7iu0_8qKqXck0uo0B7lj1Tu0Q0dSPDmF2vYAldLyezw,button:Editar infos|https://airtable.com/shrXkItsOMiCG6Y2E?prefill_Nome=Omidyar&prefill_Tipo=Early%20Stage%20VC&prefill_Sede=S%C3%A3o%20Paulo%2C%20Sao%20Paulo&prefill_Website=https%3A%2F%2Fwww.omidyar.com%2F&prefill_Setores%20%2F%20Areas%20de%20Interesse=&prefill_Est%C3%A1gio%20de%20Investimento=&prefill_Tese=Fundo%20de%20ex-fundador%20do%20Ebay.%20Focado%20em%20Investimento%20de%20impacto%20em%20Fintech%20e%20EDTECH.&prefill_Montante%20do%20Primeiro%20Cheque=,Sem foco específico em agtech,R$ 500k-5M,Estágio inicial com tração
OneVC,Early Stage VC,"São Paulo, Sao Paulo",https://www.onevc.vc/,,Fundo de São Francisco e Brasil. Buscam Negócios com escala Global,https://v5.airtableusercontent.com/v3/u/46/46/1760220000000/mSX99iQIAS04uxqIH3oobw/H1ia2HD-ddcNQJH-32xNeoihjftRFtqkxnNCSkNYv7LX94YgYBbGoR_xeUm4SBdNkyoEf6xIzni6_pMGMhc0kzWmU3bILfWY48G2Fy0NGiiXtpatXjWsadP2csDhVT2lH58rUHKwFwUTJolfUNa5_g/9LH82lBohNC3WOtt-e3sPLtk_3WhV1DFJIN9kzpLUgs,button:Editar infos|https://airtable.com/shrXkItsOMiCG6Y2E?prefill_Nome=OneVC&prefill_Tipo=Early%20Stage%20VC&prefill_Sede=S%C3%A3o%20Paulo%2C%20Sao%20Paulo&prefill_Website=https%3A%2F%2Fwww.onevc.vc%2F&prefill_Setores%20%2F%20Areas%20de%20Interesse=&prefill_Est%C3%A1gio%20de%20Investimento=&prefill_Tese=Fundo%20de%20S%C3%A3o%20Francisco%20e%20Brasil.%20Buscam%20Neg%C3%B3cios%20com%20escala%20Global&prefill_Montante%20do%20Primeiro%20Cheque=,Sem foco específico em agtech,R$ 500k-5M,Estágio inicial com tração
OpenVC,Early Stage VC,"São Paulo, Sao Paulo",https://www.open-vc.com/,,OpenVC acredita que as empresas globais podem nascer em qualquer lugar.,https://v5.airtableusercontent.com/v3/u/46/46/1760220000000/wN-Ws3rFQ8zK9mfwMdyn-A/3AVS-4Q_5kf_4ZxonMh6rtsDvSqKolHI0D2sogxzZ-EZfeZ4IWCIw9nXMD2-Ky7focDGIWPVtQ1XgbuiSSQuqekIOLamxanr2HeNspjnI9OhJ_7vnhZgjX6d-qZH9NJks1QZXmBYc9YCQLW3slCaYA/OXn2l7Eo1iPGQ7E9T_pKTlI-CD2coaGD0q8RBKEw0zk,button:Editar infos|https://airtable.com/shrXkItsOMiCG6Y2E?prefill_Nome=OpenVC&prefill_Tipo=Early%20Stage%20VC&prefill_Sede=S%C3%A3o%20Paulo%2C%20Sao%20Paulo&prefill_Website=https%3A%2F%2Fwww.open-vc.com%2F&prefill_Setores%20%2F%20Areas%20de%20Interesse=&prefill_Est%C3%A1gio%20de%20Investimento=&prefill_Tese=OpenVC%20acredita%20que%20as%20empresas%20globais%20podem%20nascer%20em%20qualquer%20lugar.&prefill_Montante%20do%20Primeiro%20Cheque=,Sem foco específico em agtech,R$ 500k-5M,Estágio inicial com tração
Orca Ventures,Early Stage VC,"São Paulo, Sao Paulo",https://orcaventures.com.br/,,Investimento para empresas PME com modelos de negócios escaláveis.,https://v5.airtableusercontent.com/v3/u/46/46/1760220000000/J08UjL5ffeWFUp2IIbmSUA/O8hC1EXHSJV1zhCzck-HdaRLqf0gxVSaGHkiRS21GPsDmQHUw4Hnz9MShlcMZbYKh_awc-Mz_Kr5KFrojctkJdnu5Mh6dULw-jCfqBgkTDWrL97fj1TJV9pCPo1JC4kSKPVcv9m2aeGFec9QH3mtMGy7Kv55kTNmJezBmdiGL8A/cd9QQbKDHyIZyZvDr_VeSYocV8_FClIzxP9TNAYMWnQ,button:Editar infos|https://airtable.com/shrXkItsOMiCG6Y2E?prefill_Nome=Orca%20Ventures&prefill_Tipo=Early%20Stage%20VC&prefill_Sede=S%C3%A3o%20Paulo%2C%20Sao%20Paulo&prefill_Website=https%3A%2F%2Forcaventures.com.br%2F&prefill_Setores%20%2F%20Areas%20de%20Interesse=&prefill_Est%C3%A1gio%20de%20Investimento=&prefill_Tese=Investimento%20para%20empresas%20PME%20com%20modelos%20de%20neg%C3%B3cios%20escal%C3%A1veis.&prefill_Montante%20do%20Primeiro%20Cheque=,Sem foco específico em agtech,R$ 500k-5M,Estágio inicial com tração
Orgânica 10.4.3,Accelerator,São Paulo/SP,https://organica.digital/organica1043/,"B2B,Fintech,Retail,SaaS","Acreditamos em startups que têm potencial de crescer 10 vezes no primeiro ano, 4 vezes no segundo e 3 vezes no terceiro. A Organica 10.4.3 é uma spin-off da Aceleradora Organica, formada por especialistas da Aceleradora Organica, por investidores experientes em criar, acelerar e vender startups e mentores que são empreendedores experientes de startups de sucesso. Somos focados em acelerar startups em estágio inicial, buscando acesso à liquidez em até 24 meses, seja via investimento Série A ou venda estratégica. Oferecemos um novo modelo de trabalho, buscando ajudar os empreendedores mais fortes e melhor preparados nas suas jornadas de crescimento. Por isso, atuamos como um parceiro real das startups, dedicando-se apenas aos recursos de alto nível para acelerar e dinamizar as soluções ideais para cada modelo de negócio.",https://v5.airtableusercontent.com/v3/u/46/46/1760220000000/zE2DQjC4He51WggcmG_4vQ/3tOajukK8YYSo1HG_6Lj-7jOyAF1lFk4VgreMiKQVaDTgnBvCsGjB5pMRafDzsLd9FGMf5k0t5EqFLOXZNlYBePA_MGxexFpwG-tvFU5F5jXwV3wQf2K90sjFiu5cizz0dwti7iz0AT6ZNRUmz8rXw/cKEHGwheXoiH7u2YLNNZbliBf4CskxYtrwwLUsPVqGM,button:Editar infos|https://airtable.com/shrXkItsOMiCG6Y2E?prefill_Nome=Org%C3%A2nica%2010.4.3&prefill_Tipo=Accelerator&prefill_Sede=S%C3%A3o%20Paulo%2FSP&prefill_Website=https%3A%2F%2Forganica.digital%2Forganica1043%2F&prefill_Setores%20%2F%20Areas%20de%20Interesse=B2B%2C%20Fintech%2C%20Retail%2C%20SaaS&prefill_Est%C3%A1gio%20de%20Investimento=&prefill_Tese=Acreditamos%20em%20startups%20que%20t%C3%AAm%20potencial%20de%20crescer%2010%20vezes%20no%20primeiro%20ano%2C%204%20vezes%20no%20segundo%20e%203%20vezes%20no%20terceiro.%0A%0AA%20Organica%2010.4.3%20%C3%A9%20uma%20spin-off%20da%20Aceleradora%20Organica%2C%20formada%20por%20especialistas%20da%20Aceleradora%20Organica%2C%20por%20investidores%20experientes%20em%20criar%2C%20acelerar%20e%20vender%20startups%20e%20mentores%20que%20s%C3%A3o%20empreendedores%20experientes%20de%20startups%20de%20sucesso.%0A%0ASomos%20focados%20em%20acelerar%20startups%20em%20est%C3%A1gio%20inicial%2C%20buscando%20acesso%20%C3%A0%20liquidez%20em%20at%C3%A9%2024%20meses%2C%20seja%20via%20investimento%20S%C3%A9rie%20A%20ou%20venda%20estrat%C3%A9gica.%0A%0AOferecemos%20um%20novo%20modelo%20de%20trabalho%2C%20buscando%20ajudar%20os%20empreendedores%20mais%20fortes%20e%20melhor%20preparados%20nas%20suas%20jornadas%20de%20crescimento.%0A%0APor%20isso%2C%20atuamos%20como%20um%20parceiro%20real%20das%20startups%2C%20dedicando-se%20apenas%20aos%20recursos%20de%20alto%20n%C3%ADvel%20para%20acelerar%20e%20dinamizar%20as%20solu%C3%A7%C3%B5es%20ideais%20para%20cada%20modelo%20de%20neg%C3%B3cio.&prefill_Montante%20do%20Primeiro%20Cheque=,Sem foco específico em agtech,R$ 50-300k,"Modelo B2B, Produto SaaS, Soluções financeiras, Programa de aceleração"
Oria Capital,Late Stage VC,"São Paulo, Brasil",https://www.oriacapital.com.br/,,Investimento de growth equity e capital inteligente em empresas de software B2B em estágio de crescimento.,https://v5.airtableusercontent.com/v3/u/46/46/1760220000000/KYJNKRkqmM4v1bT9KnhuQA/fYZQqFGieDlpFYq_dHapjb6ESciXA2UaX5_Vf14BVVUOssJkyDJzkgduOV3Yhh2rls2JzYqfKzpx_gflB97o8p1c18BDE7MrrKGm2v5JsLOsnnt65Fp9ke17MbePLdv4xshhrTrpx-rMXM9-kURDJTV-Ldd9gfzjbYfBOSvLgH8/5toZTVHoC1FbI4X01WZhp23s-Gqg6fLki8DeBxk--bQ,button:Editar infos|https://airtable.com/shrXkItsOMiCG6Y2E?prefill_Nome=Oria%20Capital&prefill_Tipo=Late%20Stage%20VC&prefill_Sede=S%C3%A3o%20Paulo%2C%20Brasil&prefill_Website=https%3A%2F%2Fwww.oriacapital.com.br%2F&prefill_Setores%20%2F%20Areas%20de%20Interesse=&prefill_Est%C3%A1gio%20de%20Investimento=&prefill_Tese=Investimento%20de%20growth%20equity%20e%20capital%20inteligente%20em%20empresas%20de%20software%20B2B%20em%20est%C3%A1gio%20de%20crescimento.&prefill_Montante%20do%20Primeiro%20Cheque=,Sem foco específico em agtech,US$ 5-50M,Empresa em crescimento
OSINOVA,Micro VC,Goiânia,www.osinova.com,"Agtech,SaaS,B2B","OSINOVA busca empreendedores e negócios inovadores, principalmente na área de mobilidade, devido ao histórico do Grupo Odilon Santos no segmento de transporte rodoviário de passageiros, seja ele interestadual ou urbano.",https://v5.airtableusercontent.com/v3/u/46/46/1760220000000/3SU-FigwYG6eSsFfAbzaPg/KUSIF0cFcM9BkJfV1lMcfQkpy-JXBx88m8YTWqlIkHeI9d38DuXjtmu_hjqeR5IQC8MDgtqMoUn_wNXmbIG6XmlZuokJSNHTN2GvydpM7tTzNkPrJ0bBxTLoeqyDO3r_dPcNgslc2KYUUIid8nZVQQ/K36PNsXoxderUbKTsICYwCZVvosryjG_ZsNImpEIhPc,button:Editar infos|https://airtable.com/shrXkItsOMiCG6Y2E?prefill_Nome=OSINOVA&prefill_Tipo=Micro%20VC&prefill_Sede=Goi%C3%A2nia&prefill_Website=www.osinova.com&prefill_Setores%20%2F%20Areas%20de%20Interesse=Agtech%2C%20SaaS%2C%20B2B&prefill_Est%C3%A1gio%20de%20Investimento=&prefill_Tese=OSINOVA%20busca%20empreendedores%20e%20neg%C3%B3cios%20inovadores%2C%20principalmente%20na%20%C3%A1rea%20de%20mobilidade%2C%20devido%20ao%20hist%C3%B3rico%20do%20Grupo%20Odilon%20Santos%20no%20segmento%20de%20transporte%20rodovi%C3%A1rio%20de%20passageiros%2C%20seja%20ele%20interestadual%20ou%20urbano.%20&prefill_Montante%20do%20Primeiro%20Cheque=,Investimentos em agtechs (detalhes não disponíveis),R$ 200k-1M,"Soluções para agronegócio, Modelo B2B, Produto SaaS"
overdrives,Accelerator,"recife, pernambuco",www.overdrives.com.br,"B2B,Construtech,Enterprise,Fintech,Health,Logistics,Proptech,Retail,SaaS,SMB,Software","Investimos em startups abertas no Brasil, temos foco multisetorial pensando cada startup pela oportunidade de negócio por trás da proposta. Priorizamos startups com um modelo inicial de negócio aplicado e um produto, mesmo que mínimo.",https://v5.airtableusercontent.com/v3/u/46/46/1760220000000/8wH5cpWVdq9WiCwf_lrvcQ/mHwTyvZ5_tUu6MfJzpwG1CJ6yd5qn6AnCqN9HUnq2hy0ISpyQvg6DOxwumYGNZ7mWKkgUr2lmJsKbKwEpwF3cGk05xWuIDt9X0yfsgsabwY1ZdIh4ErS3WjE2PFr68WwIgb7Fm_oxlVZZX-z8YNWOMm7pnPQqg-cSHPVK6BQw6U/-TSFN20XLECRw8FSobXZcQtrF5_JMQzwaFPpqzIhAUU,button:Editar infos|https://airtable.com/shrXkItsOMiCG6Y2E?prefill_Nome=overdrives&prefill_Tipo=Accelerator&prefill_Sede=recife%2C%20pernambuco&prefill_Website=www.overdrives.com.br&prefill_Setores%20%2F%20Areas%20de%20Interesse=B2B%2C%20Construtech%2C%20Enterprise%2C%20Fintech%2C%20Health%2C%20Logistics%2C%20Proptech%2C%20Retail%2C%20SaaS%2C%20SMB%2C%20Software&prefill_Est%C3%A1gio%20de%20Investimento=3.%20Primeiras%20receitas%2C%202.%20MVP&prefill_Tese=Investimos%20em%20startups%20abertas%20no%20Brasil%2C%20temos%20foco%20multisetorial%20pensando%20cada%20startup%20pela%20oportunidade%20de%20neg%C3%B3cio%20por%20tr%C3%A1s%20da%20proposta.%20Priorizamos%20startups%20com%20um%20modelo%20inicial%20de%20neg%C3%B3cio%20aplicado%20e%20um%20produto%2C%20mesmo%20que%20m%C3%ADnimo.&prefill_Montante%20do%20Primeiro%20Cheque=At%C3%A9%20R%24%20200%20mil,Sem foco específico em agtech,R$ 50-300k,"Modelo B2B, Produto SaaS, Soluções financeiras, Soluções para saúde, Programa de aceleração"
Parallax Ventures,Early Stage VC,"São Paulo, Sao Paulo",https://www.parallaxventures.com.br/,,"Gestora de investimentos VC focados em Fintech, Edtech e Health.",https://v5.airtableusercontent.com/v3/u/46/46/1760220000000/HQ3oD24v2cw1af4X1cvOyg/-ioIT45iHpP2kH-7kSXOX_wtoy-1egeHcGHlCJGEIievob1-8AHHoril0qsBXADmEd4fiC2B2glTzrvAgvw56egedvG7zCHFs7BVxQfUJEpX-NjnB1ngryJn8tlc7PrsIPyMky-bIlPsf6cKCB63o3OejUx1WDSs1ohde3wE3BtAbmJ1PJUJ53BILCoxshLsufQHYS6TWK6gk3XyqvLsyQ/5SBbwldEtuWIXcJaT2f5RH_hPT3tCQGvWE3wxzFOI48,button:Editar infos|https://airtable.com/shrXkItsOMiCG6Y2E?prefill_Nome=Parallax%20Ventures&prefill_Tipo=Early%20Stage%20VC&prefill_Sede=S%C3%A3o%20Paulo%2C%20Sao%20Paulo&prefill_Website=https%3A%2F%2Fwww.parallaxventures.com.br%2F&prefill_Setores%20%2F%20Areas%20de%20Interesse=&prefill_Est%C3%A1gio%20de%20Investimento=&prefill_Tese=Gestora%20de%20investimentos%20VC%20focados%20em%20Fintech%2C%20Edtech%20e%20Health.&prefill_Montante%20do%20Primeiro%20Cheque=,Sem foco específico em agtech,R$ 500k-5M,Estágio inicial com tração
Performa Investimentos,Early Stage VC,"São Paulo, Sao Paulo",http://www.performainvestimentos.com,,Performa Investimentos é uma empresa de gestão de investimentos especializada em investimentos de capital de risco e private equity no Brasil.,https://v5.airtableusercontent.com/v3/u/46/46/1760220000000/Bhl65Bi3fZb2ACeOsqeXnA/rlGIfNVzYQqkdEmcJN4QOk1n5kWgAQnkCLgItqWf73KiI2XaFCwdXQgpq1gNoItZXxnLuzg8NHcqTCkK0rNG3d6Lv1C6D7l-ZQSe4Tzlbirg024797li-LMDYNnuHao_VnMdlfGVcjGdqA2wm1l4etqM0Qa69ASYwbaTpJ3O81g/ZHwfw8MUpVCINl3PiVdm00n_SIogmdG4s5-ZrvLZwCM,button:Editar infos|https://airtable.com/shrXkItsOMiCG6Y2E?prefill_Nome=Performa%20Investimentos&prefill_Tipo=Early%20Stage%20VC&prefill_Sede=S%C3%A3o%20Paulo%2C%20Sao%20Paulo&prefill_Website=http%3A%2F%2Fwww.performainvestimentos.com&prefill_Setores%20%2F%20Areas%20de%20Interesse=&prefill_Est%C3%A1gio%20de%20Investimento=&prefill_Tese=Performa%20Investimentos%20%C3%A9%20uma%20empresa%20de%20gest%C3%A3o%20de%20investimentos%20especializada%20em%20investimentos%20de%20capital%20de%20risco%20e%20private%20equity%20no%20Brasil.&prefill_Montante%20do%20Primeiro%20Cheque=,Sem foco específico em agtech,R$ 500k-5M,Estágio inicial com tração
Pitanga Invest,Early Stage VC,"São Paulo, Sao Paulo",http://www.pitangainvest.com.br/en/,,Fundo Pitanga investe em empresas de alta tecnologia com elevado potencial de crescimento.,https://v5.airtableusercontent.com/v3/u/46/46/1760220000000/X_o47V2jzUll6KCx8CtNBg/C-R1fo6TqFO48oQPNDxFxnCmyT2GVda487FPOQ9OD5O-0DeefQr9B6V9g0ZmJfqInuWd3Qzyjy0ANDL8SIb2FrUEVA3HtXQugn_Kgh-TPHygc-kZVH8o0nlajLV2sDuYMpnnjHDs_qr5LI_Ey2dU9xlJ4WiODCMdYstx5uy5cJc/PvnCQYlyCeMhmb1YaZgKkgxfN9nmRcCWkhecngAhCmU,button:Editar infos|https://airtable.com/shrXkItsOMiCG6Y2E?prefill_Nome=Pitanga%20Invest&prefill_Tipo=Early%20Stage%20VC&prefill_Sede=S%C3%A3o%20Paulo%2C%20Sao%20Paulo&prefill_Website=http%3A%2F%2Fwww.pitangainvest.com.br%2Fen%2F&prefill_Setores%20%2F%20Areas%20de%20Interesse=&prefill_Est%C3%A1gio%20de%20Investimento=&prefill_Tese=Fundo%20Pitanga%20investe%20em%20empresas%20de%20alta%20tecnologia%20com%20elevado%20potencial%20de%20crescimento.&prefill_Montante%20do%20Primeiro%20Cheque=,Sem foco específico em agtech,R$ 500k-5M,Estágio inicial com tração
Poli Angels,Angel Group,"São Paulo, Sao Paulo",http://poliangels.com.br/,,Poli Anjos é uma associação de investidores anjo da Poli USP.,https://v5.airtableusercontent.com/v3/u/46/46/1760220000000/QAPDZcWM6LvYMKVoiOkGaw/VEOiK4JDG2LbVLupYhqD1d-2v9okdOPsr1-0oujyUFXHeWfRmx2SMgfifD-ayMXk7GJRc9A-Qi8JF2zc0MC_XWgD7VWPytqJ2xoNOZQycn9TC7jRPypfz5QZudidkLsJFMLSEM1mqOOYpkqibTCXqdj-xvKtZ3NejbxhDQ6LrPz-tSf-5S4qgywJKql_aI1B/BHNNPPHlf-lNgIO6FHnNhw1NQupEMRLdIHfNZFWtRPA,button:Editar infos|https://airtable.com/shrXkItsOMiCG6Y2E?prefill_Nome=Poli%20Angels&prefill_Tipo=Angel%20Group&prefill_Sede=S%C3%A3o%20Paulo%2C%20Sao%20Paulo&prefill_Website=http%3A%2F%2Fpoliangels.com.br%2F&prefill_Setores%20%2F%20Areas%20de%20Interesse=&prefill_Est%C3%A1gio%20de%20Investimento=&prefill_Tese=Poli%20Anjos%20%C3%A9%20uma%20associa%C3%A7%C3%A3o%20de%20investidores%20anjo%20da%20Poli%20USP.&prefill_Montante%20do%20Primeiro%20Cheque=,Sem foco específico em agtech,R$ 50-200k,Inovação tecnológica
Positive Ventures,Angel Group,"São Paulo, Sao Paulo",http://positive.ventures/,,"Venture Capital que investe em negócios que resolvem desafios sociais e ambientais com tecnologia, escalabilidade e retorno financeiro.",https://v5.airtableusercontent.com/v3/u/46/46/1760220000000/iyVm-2Sr_OR_sJf_ytI_xA/r3okorC6GZa6UZCj_McTzanrQUOiEReN1sJ-XXNGhnk_2SM6K3K4sjsigQqBRhhbIZLBb9ZCxQEnnAqoflyMsNgHp4e89w-NHEh74jaV3FXg1zk6623YjOHbDj5FN37agf8SfQBZH4Efa1NAqviKX_HBQEGAalxJoGohtHoqdks/12Zadf7zPNXs3tsLLX5qBChh9wMDUQpCFZGY18DT9ew,button:Editar infos|https://airtable.com/shrXkItsOMiCG6Y2E?prefill_Nome=Positive%20Ventures&prefill_Tipo=Angel%20Group&prefill_Sede=S%C3%A3o%20Paulo%2C%20Sao%20Paulo&prefill_Website=http%3A%2F%2Fpositive.ventures%2F&prefill_Setores%20%2F%20Areas%20de%20Interesse=&prefill_Est%C3%A1gio%20de%20Investimento=&prefill_Tese=Venture%20Capital%20que%20investe%20em%20neg%C3%B3cios%20que%20resolvem%20desafios%20sociais%20e%20ambientais%20com%20tecnologia%2C%20escalabilidade%20e%20retorno%20financeiro.&prefill_Montante%20do%20Primeiro%20Cheque=,Sem foco específico em agtech,R$ 50-200k,Inovação tecnológica
Potato Valley Ventures,Venture Builder,São Paulo,https://www.potatovalleyventures.com.br/,"Construtech,Proptech",A Potato Valley Ventures é uma Venture Builder focada em proptechs e construtechs com tese de investimento early stage,https://v5.airtableusercontent.com/v3/u/46/46/1760220000000/0ZQw82k28-C1sqJ-qM9lPA/2PnT_Cp4rM5dPcWhMYATCXLjAXwDAr7NijVnZ5TxpqXd8wZttzaRjVhWNGL7o0vFEeTma38Y9IOdHak1YzKnTYhzh92bgeoxTwUZkf22HsopNyMPeAO56BQI0ig9__VOO_tmzlpOagKCPcp5Q_RsMQ/o8ab3efv0XN1SKO3wwbUGfRf6UywI2fn4HSfCX721hA,button:Editar infos|https://airtable.com/shrXkItsOMiCG6Y2E?prefill_Nome=Potato%20Valley%20Ventures&prefill_Tipo=Venture%20Builder&prefill_Sede=S%C3%A3o%20Paulo&prefill_Website=https%3A%2F%2Fwww.potatovalleyventures.com.br%2F&prefill_Setores%20%2F%20Areas%20de%20Interesse=Construtech%2C%20Proptech&prefill_Est%C3%A1gio%20de%20Investimento=1.%20Ideia%20%2F%20Patente%20%2C%202.%20MVP%2C%203.%20Primeiras%20receitas%2C%204.%20Em%20escala%20%28Series%20A%29&prefill_Tese=A%20Potato%20Valley%20Ventures%20%C3%A9%20uma%20Venture%20Builder%20focada%20em%20proptechs%20e%20construtechs%20com%20tese%20de%20investimento%20early%20stage&prefill_Montante%20do%20Primeiro%20Cheque=At%C3%A9%20R%24%201%20milh%C3%A3o,Sem foco específico em agtech,R$ 200k-2M,Inovação tecnológica
Provence Capital,Early Stage VC,"Brasil, Sao Paulo",https://www.provencecapital.com.br/,,"Provence Capital procura as melhores oportunidades nos Venture Capital, Private Equity e Real Estate mercados.",https://v5.airtableusercontent.com/v3/u/46/46/1760220000000/LDyOVn9EKL2fYrGOX1k8Mg/woYx-9n7cbysswsjMLehTBgSPMr6_xfb8yAFvq4T2e6nrYHMAIxi7_H2YxyAf3oMKuevrOdQmgGryh7BrSngMj5qcLSnGlJgRJWtB96NPFWaFJW2VGljciS_PwcPGwJhgNfAEld7eUJqLBcV67jbF0e-alOTyKi2YBhONHmbLwg/j18oIZSrgGypwJWoMe3qg-C2NfFPBRc2wGrSBKfR2Aw,button:Editar infos|https://airtable.com/shrXkItsOMiCG6Y2E?prefill_Nome=Provence%20Capital&prefill_Tipo=Early%20Stage%20VC&prefill_Sede=Brasil%2C%20Sao%20Paulo&prefill_Website=https%3A%2F%2Fwww.provencecapital.com.br%2F&prefill_Setores%20%2F%20Areas%20de%20Interesse=&prefill_Est%C3%A1gio%20de%20Investimento=&prefill_Tese=Provence%20Capital%20procura%20as%20melhores%20oportunidades%20nos%20Venture%20Capital%2C%20Private%20Equity%20e%20Real%20Estate%20mercados.&prefill_Montante%20do%20Primeiro%20Cheque=,Sem foco específico em agtech,R$ 500k-5M,Estágio inicial com tração
Quona Capital,Early Stage VC,"São Paulo, Sao Paulo",https://quona.com/,,Fundo de Investimento em Startups de inclusão financeira (Fintechs).,https://v5.airtableusercontent.com/v3/u/46/46/1760220000000/d39p79ExlKzdMo4GyYRCBg/djyAsUwn5K7Ns0K-ZRnsJ5xW4fKTaBe2MLXtFlcGj3WHx2lsSFYqv88vRYihilv2s1yVGZOr_9NOUdhRWgJbdLlm6cfcdAD1hk9dkx-rFTbRqYiMHZ0O6ShC9SW_G-CAifLMvLYYlGrOTA2h2SKz2kgm3dfg9KXEw4UT_0K5tLvYBtKwtoJ7zKTXkDqJJzbyLcyitKn8A5TRgqL0lxGl2w/3yC3mOaUIUF7PE6rzUnyqgyukP87U-tGBdqejNLwMVo,button:Editar infos|https://airtable.com/shrXkItsOMiCG6Y2E?prefill_Nome=Quona%20Capital&prefill_Tipo=Early%20Stage%20VC&prefill_Sede=S%C3%A3o%20Paulo%2C%20Sao%20Paulo&prefill_Website=https%3A%2F%2Fquona.com%2F&prefill_Setores%20%2F%20Areas%20de%20Interesse=&prefill_Est%C3%A1gio%20de%20Investimento=&prefill_Tese=Fundo%20de%20Investimento%20em%20Startups%20de%20inclus%C3%A3o%20financeira%20%28Fintechs%29.&prefill_Montante%20do%20Primeiro%20Cheque=,Sem foco específico em agtech,R$ 500k-5M,Estágio inicial com tração
Randon Ventures,Corporate Venture Capital,"Caxias do Sul, Rio Grande do Sul",https://randon.ventures/,"Fintech,Logistics",Braço de Corporate Venture das Empresas Randon. Buscamos startups com produto pronto e equipe dedicada para resolver problemas reais que tenham conexão com os negócios das Empresas Randon.,https://v5.airtableusercontent.com/v3/u/46/46/1760220000000/pgNV2OVVy47h12tM2cgM2A/62a9tTGPbT07MRDXUTRgj0bVPuZJPM4ty-wp2DbhoDO2sfba35GoWyx3g30fYzC6wR5XX-9VbDbyIwORnv-AxGuTbA6XZ7lLo3XhBBLvhvrDZsh0WojIcsys6UdzZBMYa9KIv_4fqwTYXz2F7w5pRA/4jXMdJ3JU1HnY_3dFNd4CW7nNvY04Jhjsep1TWyKG3c,button:Editar infos|https://airtable.com/shrXkItsOMiCG6Y2E?prefill_Nome=Randon%20Ventures&prefill_Tipo=Corporate%20Venture%20Capital&prefill_Sede=Caxias%20do%20Sul%2C%20Rio%20Grande%20do%20Sul&prefill_Website=https%3A%2F%2Frandon.ventures%2F&prefill_Setores%20%2F%20Areas%20de%20Interesse=Fintech%2C%20Logistics&prefill_Est%C3%A1gio%20de%20Investimento=&prefill_Tese=Bra%C3%A7o%20de%20Corporate%20Venture%20das%20Empresas%20Randon.%0A%0ABuscamos%20startups%20com%20produto%20pronto%20e%20equipe%20dedicada%20para%20resolver%0Aproblemas%20reais%20que%20tenham%20conex%C3%A3o%20com%20os%20neg%C3%B3cios%20das%20Empresas%20Randon.%20&prefill_Montante%20do%20Primeiro%20Cheque=,Sem foco específico em agtech,Variável,Soluções financeiras
RD2 Ventures,Venture Builder,"Curitiba, Paraná",https://rd2.ventures,,RD2 Ventures é fundo que cria e investe em startups.,https://v5.airtableusercontent.com/v3/u/46/46/1760220000000/r-WbEPG3GbB9CLMS3X_fQw/LMPtS3NWGONRIoMWrgiir5_FMYOv84Fpbay1_be9hcOXLN9NAbQ7iPsP1eQXZkG_vkN5n-TgAKk_WuX4KM2s02PNU_ig-7x2JPY_010I5s_ZP2EM1k4mZUtMNZ1cMUO80-SiRZZp3_GsPZhXQFylyA/8pa1FUrzQ5-Izh9lbXkSJSynUoI1ARTRYEnHSzady1U,button:Editar infos|https://airtable.com/shrXkItsOMiCG6Y2E?prefill_Nome=RD2%20Ventures&prefill_Tipo=Venture%20Builder&prefill_Sede=Curitiba%2C%20Paran%C3%A1&prefill_Website=https%3A%2F%2Frd2.ventures&prefill_Setores%20%2F%20Areas%20de%20Interesse=&prefill_Est%C3%A1gio%20de%20Investimento=&prefill_Tese=RD2%20Ventures%20%C3%A9%20fundo%20que%20cria%20e%20investe%20em%20startups.&prefill_Montante%20do%20Primeiro%20Cheque=,Sem foco específico em agtech,R$ 200k-2M,Inovação tecnológica
Rede+,Accelerator,Salvador,gruporedemais.com,"B2B,Enterprise,SaaS,Retail,SMB,Software,Construtech","Hub de Inovação baseado no Nordeste, mas com atuação em inovação corporativa e aceleração de startups em todo Brasil. Investimentos em startups early stage através de grupo de investidores de nossa rede.",https://v5.airtableusercontent.com/v3/u/46/46/1760220000000/4jWUTGSkbBuiqC4ryL3jdw/J5H0eUsKptqKvKfWq0gqKr0mmCAYJ3xdW2APeQAOEdgD3o0cdESOXLW9UYPwmTEDDleZj3yyWWO9jhi2TPv_791F0XSl2gXiWuSB8gVB9MZCRdHTqIhWdm5FU7Zz0nkrFcwPNDG9UaiFV9NfC35GXw/J2rGdGVEGbRiqHf2ecBy-ZAQL5PWmPJeb0Pd72dcuA8,button:Editar infos|https://airtable.com/shrXkItsOMiCG6Y2E?prefill_Nome=Rede%2B&prefill_Tipo=Accelerator&prefill_Sede=Salvador&prefill_Website=gruporedemais.com&prefill_Setores%20%2F%20Areas%20de%20Interesse=B2B%2C%20Enterprise%2C%20SaaS%2C%20Retail%2C%20SMB%2C%20Software%2C%20Construtech&prefill_Est%C3%A1gio%20de%20Investimento=&prefill_Tese=Hub%20de%20Inova%C3%A7%C3%A3o%20baseado%20no%20Nordeste%2C%20mas%20com%20atua%C3%A7%C3%A3o%20em%20inova%C3%A7%C3%A3o%20corporativa%20e%20acelera%C3%A7%C3%A3o%20de%20startups%20em%20todo%20Brasil.%20Investimentos%20em%20startups%20early%20stage%20atrav%C3%A9s%20de%20grupo%20de%20investidores%20de%20nossa%20rede.&prefill_Montante%20do%20Primeiro%20Cheque=,Sem foco específico em agtech,R$ 50-300k,"Modelo B2B, Produto SaaS, Programa de aceleração"
Redpoint eventures,Early Stage VC,"São Paulo, Sao Paulo",http://www.rpev.com.br,,Gestora de fundo VC early stage.,https://v5.airtableusercontent.com/v3/u/46/46/1760220000000/6g-xBIaTlhFUvvIYAEIgcQ/OD7f9W1QGVWea0qVr2sfNoIaqPdZgafEIWUB8h6AtS0l6aGEX06d290oUpRcnjjGqRzZChWu48MnGhDjvyggHP0h9yb13b9OEUyPa6Fpr9oarrZg6c4Wm_shK7qmx7gtmzbEUmT7QvMnKU0xSpI_Qw/zyU3_qomWEVzKsV9SEq527ysp4IPx2HulgpjzGh778Y,button:Editar infos|https://airtable.com/shrXkItsOMiCG6Y2E?prefill_Nome=Redpoint%20eventures&prefill_Tipo=Early%20Stage%20VC&prefill_Sede=S%C3%A3o%20Paulo%2C%20Sao%20Paulo&prefill_Website=http%3A%2F%2Fwww.rpev.com.br&prefill_Setores%20%2F%20Areas%20de%20Interesse=&prefill_Est%C3%A1gio%20de%20Investimento=&prefill_Tese=Gestora%20de%20fundo%20VC%20early%20stage.&prefill_Montante%20do%20Primeiro%20Cheque=,Sem foco específico em agtech,R$ 500k-5M,Estágio inicial com tração
Riverwood Capital,Late Stage VC,EUA,https://www.riverwoodcapital.com/,,Private equity com foco em empresas de tecnologia de alto crescimento.,https://v5.airtableusercontent.com/v3/u/46/46/1760220000000/k1X9ZA42UGXHagySXlwGzw/x8UYXEjQVPRg-GofKdH-y5S4HDJd3AMPyamwzgsrPkb3mhybhI0km2D9PtTLmbt_sskgUP8z2g5wJRq_2xaIAtvjvaUYevjHYx1IshEgF497zRlPsEo6LWEXqCVtHRyhfuus-t609UT7HRuIdP8R4KJe-Cu0lBm7Nvv1D52yY-o/GZIMtH_prUrr0fLSuI61ILCXXoqKybTbygEI-9xfyGg,button:Editar infos|https://airtable.com/shrXkItsOMiCG6Y2E?prefill_Nome=Riverwood%20Capital&prefill_Tipo=Late%20Stage%20VC&prefill_Sede=EUA&prefill_Website=https%3A%2F%2Fwww.riverwoodcapital.com%2F&prefill_Setores%20%2F%20Areas%20de%20Interesse=&prefill_Est%C3%A1gio%20de%20Investimento=&prefill_Tese=Private%20equity%20com%20foco%20em%20empresas%20de%20tecnologia%20de%20alto%20crescimento.&prefill_Montante%20do%20Primeiro%20Cheque=,Sem foco específico em agtech,US$ 5-50M,Empresa em crescimento
Sai do Papel Capital,Micro VC,"Rio de Janeiro, Rio de Janeiro",https://www.saidopapel.com.br/,"SMB,Smart Cities,SaaS,Retail,Proptech,Manufacturing,Logistics,Health,Hardware,Fintech,Enterprise,Energy,Ecommerce / D2C,Deep Tech,CyberSecurity,Construtech,Agtech","Investimento em startups do Brasil inteiro, agnóstico de setor, que já estejam validadas e faturando, buscando investimento para acelerar seu crescimento.",https://v5.airtableusercontent.com/v3/u/46/46/1760220000000/XLM-BDLJ8zRvqBfLuJa_6g/lqAo0UkiYb5APFfOn_Esmooj3BFHgS6iPYZRHXyRJoHfGB0qHh4bX2J-1KyE8Vk1Q2_LVCcn2asXrPx1fMQ0urhHi2Ny4Tikie_jFJm5NhqR4KtN89UoJJFW95UCtu2RpJ4IDaFkkFhxdK5z8iXbon8R6BEXPQLu5rk2jfzaSk0/R9XFG50khK6aKNIXGnwZKBlSvYhTmyFQPAwah4JdXGU,button:Editar infos|https://airtable.com/shrXkItsOMiCG6Y2E?prefill_Nome=Sai%20do%20Papel%20Capital&prefill_Tipo=Micro%20VC&prefill_Sede=Rio%20de%20Janeiro%2C%20Rio%20de%20Janeiro&prefill_Website=https%3A%2F%2Fwww.saidopapel.com.br%2F&prefill_Setores%20%2F%20Areas%20de%20Interesse=SMB%2C%20Smart%20Cities%2C%20SaaS%2C%20Retail%2C%20Proptech%2C%20Manufacturing%2C%20Logistics%2C%20Health%2C%20Hardware%2C%20Fintech%2C%20Enterprise%2C%20Energy%2C%20Ecommerce%20%2F%20D2C%2C%20Deep%20Tech%2C%20CyberSecurity%2C%20Construtech%2C%20Agtech&prefill_Est%C3%A1gio%20de%20Investimento=4.%20Em%20escala%20%28Series%20A%29&prefill_Tese=Investimento%20em%20startups%20do%20Brasil%20inteiro%2C%20agn%C3%B3stico%20de%20setor%2C%20que%20j%C3%A1%20estejam%20validadas%20e%20faturando%2C%20buscando%20investimento%20para%20acelerar%20seu%20crescimento.%20&prefill_Montante%20do%20Primeiro%20Cheque=At%C3%A9%20R%24%20200%20mil,Investimentos em agtechs (detalhes não disponíveis),R$ 200k-1M,"Soluções para agronegócio, Produto SaaS, Soluções financeiras, Soluções para saúde"
SEED MG,Accelerator,Minas Gerais,https://seed.mg.gov.br/,"Agtech,B2B,Construtech,CyberSecurity,Deep Tech,Ecommerce / D2C,Energy,Enterprise,Fintech,Hardware,Health,Logistics,Manufacturing,Proptech,Retail,Smart Cities,SMB,Software,SaaS","O Seed é a primeira aceleradora financiada apenas por recursos públicos no Brasil e potencializa a interação, as redes e a transferência de conhecimento e habilidades entre empreendedores apoiados e o ecossistema local.",https://v5.airtableusercontent.com/v3/u/46/46/1760220000000/uqZDJvMjtKdHbE99ucG-yg/qnh4oF7lPVn5rnlQDO34er6p7xak8KmEFAjkz8YZ4NgbriQVP19rOFvdF2rh0dKzDBLF-rBbiAerGYe9WdA9xOZTvXVWZWsMsFpEcmXTCOm09iXiBuT6_wM1NEcpNGPTt9YhZG5e_a6qHNx7UqYR8FpU8l7MI0Hb1UwlyMOrIXk/qMFy_3LTJWfivi75n-bgfNoIkbS_zDGoTYUpeI8NrR4,button:Editar infos|https://airtable.com/shrXkItsOMiCG6Y2E?prefill_Nome=SEED%20MG&prefill_Tipo=Accelerator&prefill_Sede=Minas%20Gerais&prefill_Website=https%3A%2F%2Fseed.mg.gov.br%2F&prefill_Setores%20%2F%20Areas%20de%20Interesse=Agtech%2C%20B2B%2C%20Construtech%2C%20CyberSecurity%2C%20Deep%20Tech%2C%20Ecommerce%20%2F%20D2C%2C%20Energy%2C%20Enterprise%2C%20Fintech%2C%20Hardware%2C%20Health%2C%20Logistics%2C%20Manufacturing%2C%20Proptech%2C%20Retail%2C%20Smart%20Cities%2C%20SMB%2C%20Software%2C%20SaaS&prefill_Est%C3%A1gio%20de%20Investimento=1.%20Ideia%20%2F%20Patente%20%2C%202.%20MVP%2C%203.%20Primeiras%20receitas%2C%204.%20Em%20escala%20%28Series%20A%29&prefill_Tese=O%20Seed%20%C3%A9%20a%20primeira%20aceleradora%20financiada%20apenas%20por%20recursos%20p%C3%BAblicos%20no%20Brasil%20e%20potencializa%20a%20intera%C3%A7%C3%A3o%2C%20as%20redes%20e%20a%20transfer%C3%AAncia%20de%20conhecimento%20e%20habilidades%20entre%20empreendedores%20apoiados%20e%20o%20ecossistema%20local.&prefill_Montante%20do%20Primeiro%20Cheque=At%C3%A9%20R%24%20200%20mil,Investimentos em agtechs (detalhes não disponíveis),R$ 50-300k,"Soluções para agronegócio, Modelo B2B, Produto SaaS, Soluções financeiras, Soluções para saúde, Programa de aceleração"
Senior Ventures,Early Stage VC,"Blumenau, Santa Catarina",,,Corporate Venture de empresa de Software de Santa Catarina.,https://v5.airtableusercontent.com/v3/u/46/46/1760220000000/cGCB-htqvKLFgbPyqKBJyg/9Z1J5QPa5HWK5pQZVW5ogab2v7wX5JVlvY22vc2avHxnfO7hDX9vbu-o8uFzHn5jGIsy9wpxr8fDiGOZyCq8BFgO_zpLgy42oZhEvt5J4OYki1eAUKs8f5Fs4cQSeoaRs5K6QjLBbM8U5bn7zIsxoyR90gHxTzQGDZLTwlHLSqM/yPPe-aUBoTNrkvoRu-h1Y9pfY_EkUb2xu2XM1zW_jYo,button:Editar infos|https://airtable.com/shrXkItsOMiCG6Y2E?prefill_Nome=Senior%20Ventures&prefill_Tipo=Early%20Stage%20VC&prefill_Sede=Blumenau%2C%20Santa%20Catarina&prefill_Website=&prefill_Setores%20%2F%20Areas%20de%20Interesse=&prefill_Est%C3%A1gio%20de%20Investimento=&prefill_Tese=Corporate%20Venture%20de%20empresa%20de%20Software%20de%20Santa%20Catarina.&prefill_Montante%20do%20Primeiro%20Cheque=,Sem foco específico em agtech,R$ 500k-5M,Estágio inicial com tração
Sevensete,Venture Builder,"São Paulo, São Paulo",www.sevensete.com.br,"B2B,Construtech,CyberSecurity,Agtech,Ecommerce / D2C,Energy,Enterprise,Fintech,Hardware,Health,Logistics,Manufacturing,Proptech,Retail,SaaS,Smart Cities,SMB,Software","Somos um ecossistema que investe prioritariamente em pessoas, mantemos a mente aberta aos negócios e segmentos, preferencialmente em Startups Early Stage.",,button:Editar infos|https://airtable.com/shrXkItsOMiCG6Y2E?prefill_Nome=Sevensete&prefill_Tipo=Venture%20Builder&prefill_Sede=S%C3%A3o%20Paulo%2C%20S%C3%A3o%20Paulo&prefill_Website=www.sevensete.com.br&prefill_Setores%20%2F%20Areas%20de%20Interesse=B2B%2C%20Construtech%2C%20CyberSecurity%2C%20Agtech%2C%20Ecommerce%20%2F%20D2C%2C%20Energy%2C%20Enterprise%2C%20Fintech%2C%20Hardware%2C%20Health%2C%20Logistics%2C%20Manufacturing%2C%20Proptech%2C%20Retail%2C%20SaaS%2C%20Smart%20Cities%2C%20SMB%2C%20Software&prefill_Est%C3%A1gio%20de%20Investimento=1.%20Ideia%20%2F%20Patente%20%2C%202.%20MVP%2C%203.%20Primeiras%20receitas&prefill_Tese=Somos%20um%20ecossistema%20que%20investe%20prioritariamente%20em%20pessoas%2C%20mantemos%20a%20mente%20aberta%20aos%20neg%C3%B3cios%20e%20segmentos%2C%20preferencialmente%20em%20Startups%20Early%20Stage.%20&prefill_Montante%20do%20Primeiro%20Cheque=,Investimentos em agtechs (detalhes não disponíveis),R$ 200k-2M,"Soluções para agronegócio, Modelo B2B, Produto SaaS, Soluções financeiras, Soluções para saúde"
Shift Capital,Early Stage VC,São Paulo / SP,https://shiftcapital.com.br/,,Gestora de Venture Capital com foco em early stage,https://v5.airtableusercontent.com/v3/u/46/46/1760220000000/rjlko4Zi6DWUDtRAEhTfdQ/BIcMfbNLgKRi6Z_niWa6NT2GdFwMS8YybVhJ3IGnF-eb4fVKOj9DPQwCT_WRsKvaAGf-maUed3Cp5-bLMNOK6zFXz3IJnsp-x6e4SIwx0VNWJ24DKANaeqyiaG9H1tPWqPDZ41vcv_MP6kMw8KrByaiD_qwq2AKAfW2ybjZLqls/c2lYCXf1xnTIRG2wh0pNuSoX2wp_OSHLM1zNjutR54g,button:Editar infos|https://airtable.com/shrXkItsOMiCG6Y2E?prefill_Nome=Shift%20Capital&prefill_Tipo=Early%20Stage%20VC&prefill_Sede=S%C3%A3o%20Paulo%20%2F%20SP&prefill_Website=https%3A%2F%2Fshiftcapital.com.br%2F&prefill_Setores%20%2F%20Areas%20de%20Interesse=&prefill_Est%C3%A1gio%20de%20Investimento=&prefill_Tese=Gestora%20de%20Venture%20Capital%20com%20foco%20em%20early%20stage&prefill_Montante%20do%20Primeiro%20Cheque=,Sem foco específico em agtech,R$ 500k-5M,Estágio inicial com tração
Shinier,Accelerator,"São Carlos, São Paulo",https://shinier.com.br/,"B2B,Software,SaaS,Logistics","Não tem expertise tecnológica? Levamos a tecnologia da empresa do produto mínimo ao Escalar. Oferecemos uma tecnologia sob medida e modular. Com um diferencial acessível para a atual fase da organização, combinando um desconto no valor do projeto com equity. Nosso propósito é levar mais brilho ao seu negócio. Nossa tecnologia plug & play irá reduzir o tempo de desenvolvimento do seu produto, e deixar você focado no seu modelo de negócio.",https://v5.airtableusercontent.com/v3/u/46/46/1760220000000/YhKkyDMvLYP-L4lTCBvTvQ/q2TLjpcqsvi_oLr5WyaI0Ojzfbxyzit2Ruz55F5rmAq2bHTSeUCd7AW2_oGeejzXFqMqbHvi0SWdvYchE3EWGTIwBxtQqcaarOoNVo1oAsBqNQ2YMTSW10KoOvQ33cITVzBh9wuKszsD53QIHvK2DA/c15CPyXOI2Ayt5hT6Lcf9GdbXekuckNvi4trp6JlCkM,button:Editar infos|https://airtable.com/shrXkItsOMiCG6Y2E?prefill_Nome=Shinier&prefill_Tipo=Accelerator&prefill_Sede=S%C3%A3o%20Carlos%2C%20S%C3%A3o%20Paulo&prefill_Website=https%3A%2F%2Fshinier.com.br%2F&prefill_Setores%20%2F%20Areas%20de%20Interesse=B2B%2C%20Software%2C%20SaaS%2C%20Logistics&prefill_Est%C3%A1gio%20de%20Investimento=2.%20MVP%2C%201.%20Ideia%20%2F%20Patente%20%2C%203.%20Primeiras%20receitas%2C%204.%20Em%20escala%20%28Series%20A%29&prefill_Tese=N%C3%A3o%20tem%20expertise%20tecnol%C3%B3gica%3F%20Levamos%20a%20tecnologia%20da%20empresa%20do%20produto%20m%C3%ADnimo%20ao%20Escalar.%0A%0AOferecemos%20uma%20tecnologia%20sob%20medida%20e%20modular.%20Com%20um%20diferencial%20acess%C3%ADvel%20para%20a%20atual%20fase%20da%20organiza%C3%A7%C3%A3o%2C%20combinando%20um%20desconto%20no%20valor%20do%20projeto%20com%20equity.%20Nosso%20prop%C3%B3sito%20%C3%A9%20levar%20mais%20brilho%20ao%20seu%20neg%C3%B3cio.%0A%0ANossa%20tecnologia%20plug%20%26%20play%20ir%C3%A1%20reduzir%20o%20tempo%20de%20desenvolvimento%20do%20seu%20produto%2C%20e%20deixar%20voc%C3%AA%20focado%20no%20seu%20modelo%20de%20neg%C3%B3cio.&prefill_Montante%20do%20Primeiro%20Cheque=,Sem foco específico em agtech,R$ 50-300k,"Modelo B2B, Produto SaaS, Programa de aceleração"
Sinqia,Corporate Venture Capital,"São Paulo, SP",https://conteudo.sinqia.com.br/inscricao-torq-ventures,"B2B,CyberSecurity,Fintech,SaaS,Software","O Torq Ventures busca startups que tenham atuação B2B no mercado financeiro (fintechs e techfins), que tragam complementação aos produtos ou acelerem estratégias de go to market da Sinqia. Tenham seus modelos de negócios escaláveis, baseados em nuvem e em estratégia SaaS. Olhamos para startups desde early stage, que possuam MVP validado ou em tração, até scale-ups, em fase mais madura de seus produtos. Somos investidores estratégicos e nossa atuação é muito hands-on, ajudando os empreendedores a suprir os gaps que possuem, escalar seus negócios e trazer inovação para o mercado financeiro. Fazemos cheques desde R$ 200mil até R$ 20 milhões.","https://v5.airtableusercontent.com/v3/u/46/46/1760220000000/bMVu2cQU3Oowo4XUIO58HQ/xHt5Z9KMepaAVK9q3Q2WSXp4nbgz_bFgrZllvuEl2CJ6l-fDoHrj-0n99hyBAF2JomQ1UmBb3Awq25ho-egxkopEAa7CK6OM5Red-dRKh_R_97tIVKmEH0a8wzk1HqIVYI13ymV9tgQ5v2udaqaBhQ/uedfNeXMLZbfQX9IUZbAc735n2whl1QRXkYOWH39U6w,https://v5.airtableusercontent.com/v3/u/46/46/1760220000000/8dlpCDO7yS4EtRtFvXaahQ/n3-9NecYLbA5Fgg2B8zjrbMBmQwzKRgPxrBy9uLJNpy8FeVK9g2SUzs38LCGbvCo9N68rV0G71HvlHQutyfGNoUbrfyJOUi4RrRycoWT9IxwAby150fkn3EGr2kvoeEFISEhYWRt-BnnUeY6ONQiLO8Lcw6EPEeMyInOvmTQeFP3zh8E9kNkRNMg_UvXf0Sc/8Jz1i5Uir_opRiPsUP4BwaKSjN_iTjiimizZJrqs_wA",button:Editar infos|https://airtable.com/shrXkItsOMiCG6Y2E?prefill_Nome=Sinqia&prefill_Tipo=Corporate%20Venture%20Capital&prefill_Sede=S%C3%A3o%20Paulo%2C%20SP&prefill_Website=https%3A%2F%2Fconteudo.sinqia.com.br%2Finscricao-torq-ventures&prefill_Setores%20%2F%20Areas%20de%20Interesse=B2B%2C%20CyberSecurity%2C%20Fintech%2C%20SaaS%2C%20Software&prefill_Est%C3%A1gio%20de%20Investimento=2.%20MVP%2C%203.%20Primeiras%20receitas%2C%204.%20Em%20escala%20%28Series%20A%29%2C%20%225.%20Growth%20Stage%20%28Series%20B%2C%20C%20e%20D%29%22%2C%20CyberSecurity%2C%20B2B%2C%20SaaS%2C%20Fintech&prefill_Tese=O%20Torq%20Ventures%20busca%20startups%20que%20tenham%20atua%C3%A7%C3%A3o%20B2B%20no%20mercado%20financeiro%20%28fintechs%20e%20techfins%29%2C%20que%20tragam%20complementa%C3%A7%C3%A3o%20aos%20produtos%20ou%20acelerem%20estrat%C3%A9gias%20de%20go%20to%20market%20da%20Sinqia.%20Tenham%20seus%20modelos%20de%20neg%C3%B3cios%20escal%C3%A1veis%2C%20baseados%20em%20nuvem%20e%20em%20estrat%C3%A9gia%20SaaS.%20Olhamos%20para%20startups%20desde%20early%20stage%2C%20que%20possuam%20MVP%20validado%20ou%20em%20tra%C3%A7%C3%A3o%2C%20at%C3%A9%20scale-ups%2C%20em%20fase%20mais%20madura%20de%20seus%20produtos.%20Somos%20investidores%20estrat%C3%A9gicos%20e%20nossa%20atua%C3%A7%C3%A3o%20%C3%A9%20muito%20hands-on%2C%20ajudando%20os%20empreendedores%20a%20suprir%20os%20gaps%20que%20possuem%2C%20escalar%20seus%20neg%C3%B3cios%20e%20trazer%20inova%C3%A7%C3%A3o%20para%20o%20mercado%20financeiro.%0AFazemos%20cheques%20desde%20R%24%20200mil%20at%C3%A9%20R%24%2020%20milh%C3%B5es.&prefill_Montante%20do%20Primeiro%20Cheque=At%C3%A9%20R%24%20500%20mil,Sem foco específico em agtech,Variável,"Modelo B2B, Produto SaaS, Soluções financeiras"
SMARTie,Corporate Venture Capital,"São Paulo, SP",www.smartie.global,"Deep Tech,Enterprise,Energy","A SMARTie é o programa de Corporate Venture do Grupo Solví. Buscamos iniciativas de inovação aberta (""open innovation"") para a transformação de nosso negócio. Nosso objetivo é o desenvolvimento de soluções inovadoras para a vida, utilizando as competências de inovação das startups e as capacidades do Grupo Solvi, conectando ideias e quebrando barreiras.",https://v5.airtableusercontent.com/v3/u/46/46/1760220000000/R2Ev9JUfJQWcDp2zyJleFw/lM7mPIV8_cSnAl4Lwfie2SH3agMF1HP615ggiwiH7VVHO_otjAa5UYDdiGSqrODruV6Fm6FRai-ffnE2NG4n404CawtMuPwrkLJW8P8ZC3UMmUCeyYwGKn6XDFDOClIbyrnfXQgoUoUIq8eqEIacN9WzabDQJrQaG18PDG_ZSEY/DV51McjVH56NAAjh7KZ-UoeB61uI-um2DAykhhHn84s,button:Editar infos|https://airtable.com/shrXkItsOMiCG6Y2E?prefill_Nome=SMARTie&prefill_Tipo=Corporate%20Venture%20Capital&prefill_Sede=S%C3%A3o%20Paulo%2C%20SP&prefill_Website=www.smartie.global&prefill_Setores%20%2F%20Areas%20de%20Interesse=Deep%20Tech%2C%20Enterprise%2C%20Energy&prefill_Est%C3%A1gio%20de%20Investimento=&prefill_Tese=A%20SMARTie%20%C3%A9%20o%20programa%20de%20Corporate%20Venture%20do%20Grupo%20Solv%C3%AD.%0A%0ABuscamos%20iniciativas%20de%20inova%C3%A7%C3%A3o%20aberta%20%28%22open%20innovation%22%29%20para%20a%20transforma%C3%A7%C3%A3o%20de%20nosso%20neg%C3%B3cio.%0A%0ANosso%20objetivo%20%C3%A9%20o%20desenvolvimento%20de%20solu%C3%A7%C3%B5es%20inovadoras%20para%20a%20vida%2C%20utilizando%20as%20compet%C3%AAncias%20de%20inova%C3%A7%C3%A3o%20das%20startups%20e%20as%20capacidades%20do%20Grupo%20Solvi%2C%20conectando%20ideias%20e%20quebrando%20barreiras.&prefill_Montante%20do%20Primeiro%20Cheque=,Sem foco específico em agtech,Variável,Inovação tecnológica
SmartMoney.Ventures,Angel Group,"Campinas, SP",http://smartmoney.ventures/,,"Somos investidores em startups em estágio inicial que já tenham alguma tração e monetização. Como modelo de negócios, valorizamos os Marketplaces e as soluções em rede. Não estamos restritos a teses, mas preferimos negócios em TechEd, FinTech, InsurTech, Turismo, Mobilidade Urbana e Otimização em processos B2B. Estamos localizados em São Paulo, mas preferimos startups, empreendedores e teses com um forte viés global. Nossos investimentos estão focados em rodadas de Anjo e Semente. Os valores investidos estão entre BRL 500.000 e BRL 1.500.000, com um valor ideal de BRL 1.000.000.",https://v5.airtableusercontent.com/v3/u/46/46/1760220000000/jGsWOxJucLq-SHMv2j0How/NPdktU7hVU5WmwBX6KozRtLKXweLir-B3Htst3nRNk-qiW0idwlPEXlo-phFInv-__6WnyEjideMVqTmhgHbYGmSKht4umx62S9hXJmtmnEJsGZcghkksT1Q3HRwy47AuYo7iJpeRTJae9sJsEt6WOpSg962Dwujht-NlLRVjKkOE98WfXbE-tnljSQGlbixssqfz_ui7z9ir819I5AveA/Cwy1lSIa-8FK_PuxQbZ8m2awBxEe99g3bn4Cvc1H99k,button:Editar infos|https://airtable.com/shrXkItsOMiCG6Y2E?prefill_Nome=SmartMoney.Ventures&prefill_Tipo=Angel%20Group&prefill_Sede=Campinas%2C%20SP&prefill_Website=http%3A%2F%2Fsmartmoney.ventures%2F&prefill_Setores%20%2F%20Areas%20de%20Interesse=&prefill_Est%C3%A1gio%20de%20Investimento=&prefill_Tese=Somos%20investidores%20em%20startups%20em%20est%C3%A1gio%20inicial%20que%20j%C3%A1%20tenham%20alguma%20tra%C3%A7%C3%A3o%20e%20monetiza%C3%A7%C3%A3o.%0AComo%20modelo%20de%20neg%C3%B3cios%2C%20valorizamos%20os%20Marketplaces%20e%20as%20solu%C3%A7%C3%B5es%20em%20rede.%0AN%C3%A3o%20estamos%20restritos%20a%20teses%2C%20mas%20preferimos%20neg%C3%B3cios%20em%20TechEd%2C%20FinTech%2C%20InsurTech%2C%20Turismo%2C%20Mobilidade%20Urbana%20e%20Otimiza%C3%A7%C3%A3o%20em%20processos%20B2B.%0AEstamos%20localizados%20em%20S%C3%A3o%20Paulo%2C%20mas%20preferimos%20startups%2C%20empreendedores%20e%20teses%20com%20um%20forte%20vi%C3%A9s%20global.%0ANossos%20investimentos%20est%C3%A3o%20focados%20em%20rodadas%20de%20Anjo%20e%20Semente.%20Os%20valores%20investidos%20est%C3%A3o%20entre%20BRL%20500.000%20e%20BRL%201.500.000%2C%20com%20um%20valor%20ideal%20de%20BRL%201.000.000.&prefill_Montante%20do%20Primeiro%20Cheque=,Sem foco específico em agtech,R$ 50-200k,Inovação tecnológica
SMU Investimentos,Equity CrowdFunding,Sao Paulo - SP,https://www.startmeup.com.br/,,Plataforma de Crowdfunding de Investimentos que investe em todas suas rodadas.,https://v5.airtableusercontent.com/v3/u/46/46/1760220000000/0QCaVWSKdyN77OoDHLTJ_w/jGqbAhDOgRCcLwsrjlcTLfNjp2rjzWl-vlU4nNNnRfgZSfnZwMoOIFdOoHYbtD4m-y8p3WB5YDhPgWfHaqMdto-Xcnpd6veQNpOos2ptv9hLiBVp3rLWSnvQgqX1ZmbToRzXjOhSjZPS0KJPDGWrdOLX4IWGpCtgTTBXwZ0XagM/hG96RWeYpF5Vwi-ZQ4ObbUyrQCjumYJ4-cxIGsKdJ0c,button:Editar infos|https://airtable.com/shrXkItsOMiCG6Y2E?prefill_Nome=SMU%20Investimentos&prefill_Tipo=Equity%20CrowdFunding&prefill_Sede=Sao%20Paulo%20-%20SP&prefill_Website=https%3A%2F%2Fwww.startmeup.com.br%2F&prefill_Setores%20%2F%20Areas%20de%20Interesse=&prefill_Est%C3%A1gio%20de%20Investimento=&prefill_Tese=Plataforma%20de%20Crowdfunding%20de%20Investimentos%20que%20investe%20em%20todas%20suas%20rodadas.&prefill_Montante%20do%20Primeiro%20Cheque=,Sem foco específico em agtech,R$ 50-500k,Inovação tecnológica
Softbank Latin America Fund,Late Stage VC,"São Paulo, Miami, Cidade do México",N/A,"Software,Fintech,Ecommerce / D2C,SaaS,Health,Logistics,Proptech,SMB,CyberSecurity","Fundo do SoftBank com U$5 bilhões para investir especificamente em empresas de tecnologia da América Latina. O fundo procura investir de U$ 20-500 milhões por empresa, em startups no estágio da Série C ou Série D.",https://v5.airtableusercontent.com/v3/u/46/46/1760220000000/ilE6ecq6kFzpMLHC2ekyfQ/NTDA-B1ACNx2Z_f8rpsVbf60VcCiX3g8HhEsyhcj-8sCAFl2D03IfSvdiAMVDhHPVndOWncjNp3Ktia7LXoUo10oC7rl-GBqB1bu0xcMuGkwvtH4xx0CpeC7ceADnocsMsXkSdi_lGA6caB2XGIYgw/tUvkaILrh-a3bK2Xujyy94sQp91AE4VCdjtNicYC6rk,button:Editar infos|https://airtable.com/shrXkItsOMiCG6Y2E?prefill_Nome=Softbank%20Latin%20America%20Fund&prefill_Tipo=Late%20Stage%20VC&prefill_Sede=S%C3%A3o%20Paulo%2C%20Miami%2C%20Cidade%20do%20M%C3%A9xico&prefill_Website=N%2FA&prefill_Setores%20%2F%20Areas%20de%20Interesse=Software%2C%20Fintech%2C%20Ecommerce%20%2F%20D2C%2C%20SaaS%2C%20Health%2C%20Logistics%2C%20Proptech%2C%20SMB%2C%20CyberSecurity&prefill_Est%C3%A1gio%20de%20Investimento=&prefill_Tese=Fundo%20do%20SoftBank%20com%20U%245%20bilh%C3%B5es%20para%20investir%20especificamente%20em%20empresas%20de%20tecnologia%20da%20Am%C3%A9rica%20Latina.%20O%20fundo%20procura%20investir%20de%20U%24%2020-500%20milh%C3%B5es%20por%20empresa%2C%20em%20startups%20no%20est%C3%A1gio%20da%20S%C3%A9rie%20C%20ou%20S%C3%A9rie%20D.&prefill_Montante%20do%20Primeiro%20Cheque=,Sem foco específico em agtech,US$ 5-50M,"Produto SaaS, Soluções financeiras, Soluções para saúde, Empresa em crescimento"
SOL Investimentos,Early Stage VC,"Fortaleza, CE",www.solinvestimentos.com.br,"B2B,Health,Fintech",Investidores de venture capital focados nos estágios pre-seed e seed.,https://v5.airtableusercontent.com/v3/u/46/46/1760220000000/Hs56_WHoMMg5UVbYX7WHNA/Nni67b4nQc4mpVhMEzaFK1S4A7PTRACR0sckB9iTkgfcJBzUXDX13AolF6gYcmJzc5YGVKDKzN9V2e7t6sKTwZ8J7gJZD5ifj9QqGOQViBx95L_L8xJs6rjyZlUe-as0pA8I8pA6gisnlqK_7xwRmPeeYquWGcWk7LFrFqa_Nn8/tJ4yUfwDkJZ6li802MQhb3bg122FunOZssR5Hzp3CR8,button:Editar infos|https://airtable.com/shrXkItsOMiCG6Y2E?prefill_Nome=SOL%20Investimentos&prefill_Tipo=Early%20Stage%20VC&prefill_Sede=Fortaleza%2C%20CE&prefill_Website=www.solinvestimentos.com.br&prefill_Setores%20%2F%20Areas%20de%20Interesse=B2B%2C%20Health%2C%20Fintech&prefill_Est%C3%A1gio%20de%20Investimento=&prefill_Tese=Investidores%20de%20venture%20capital%20focados%20nos%20est%C3%A1gios%20pre-seed%20e%20seed.&prefill_Montante%20do%20Primeiro%20Cheque=,Sem foco específico em agtech,R$ 500k-5M,"Modelo B2B, Soluções financeiras, Soluções para saúde, Estágio inicial com tração"
Solum VC,Early Stage VC,"São Paulo, Sao Paulo",http://solumparticipacoes.com.br,,"Solum VC apoia empresários inovadores e incansáveis, criadores de diferentes modelos de negócios com grande potencial de crescimento e de entrega.",https://v5.airtableusercontent.com/v3/u/46/46/1760220000000/KeqCi9HDP6OIO1hkEO0S0w/70FBFcYarO8g5mSXlgbMbTlEhbfbG16yxV1xMUv6WGJ7hMn40LqSYfFpzPkPI0QGmdHqb4U9vc-aTWAU_7y2zlsJJIrP37cISVZU7VS_l5BnGXZlmbYrzaZ7a5-5M9JdzbRaszEzO0p6o9EX1JpRkg/0QuiIWMSBV4GA1rpHrKNhM-OHwoGjcN-8ZaouErBeZg,button:Editar infos|https://airtable.com/shrXkItsOMiCG6Y2E?prefill_Nome=Solum%20VC&prefill_Tipo=Early%20Stage%20VC&prefill_Sede=S%C3%A3o%20Paulo%2C%20Sao%20Paulo&prefill_Website=http%3A%2F%2Fsolumparticipacoes.com.br&prefill_Setores%20%2F%20Areas%20de%20Interesse=&prefill_Est%C3%A1gio%20de%20Investimento=&prefill_Tese=Solum%20VC%20apoia%20empres%C3%A1rios%20inovadores%20e%20incans%C3%A1veis%2C%20criadores%20de%20diferentes%20modelos%20de%20neg%C3%B3cios%20com%20grande%20potencial%20de%20crescimento%20e%20de%20entrega.&prefill_Montante%20do%20Primeiro%20Cheque=,Sem foco específico em agtech,R$ 500k-5M,Estágio inicial com tração
SP Ventures,Early Stage VC,"São Paulo, Sao Paulo",http://www.spventures.com.br,Agtech,SP Ventures é uma empresa pioneira em investimentos de capital de risco no Brasil. Eles adquirem equidade em empresas inovadoras em estágio inicial.,https://v5.airtableusercontent.com/v3/u/46/46/1760220000000/sI4sr5C6idMX2yl9V3yReg/3Lwaeqp9TLjJik4bJjf7TUTJ-U6ZmrvMUy0dlO7ru-JVrNFT6cNaPHAn81wpGLIJPcpjivcI6-fbFOpSJQ7RXnK4wgsfmsaSGX1_U8wXtFDr9xNORoGEYkq4p95D5R0AE8Gzg2WBkNfi3LNPef111lFPvJiceBEVMz60SnJ4KXY/1gBWIYwwgjt5Rnq8euej7SMwsjIn_0Q_eHjhwoqNf0Y,button:Editar infos|https://airtable.com/shrXkItsOMiCG6Y2E?prefill_Nome=SP%20Ventures&prefill_Tipo=Early%20Stage%20VC&prefill_Sede=S%C3%A3o%20Paulo%2C%20Sao%20Paulo&prefill_Website=http%3A%2F%2Fwww.spventures.com.br&prefill_Setores%20%2F%20Areas%20de%20Interesse=Agtech&prefill_Est%C3%A1gio%20de%20Investimento=&prefill_Tese=SP%20Ventures%20%C3%A9%20uma%20empresa%20pioneira%20em%20investimentos%20de%20capital%20de%20risco%20no%20Brasil.%20Eles%20adquirem%20equidade%20em%20empresas%20inovadoras%20em%20est%C3%A1gio%20inicial.&prefill_Montante%20do%20Primeiro%20Cheque=,"Agrolend (US$ 52,7M Série C 2024), Traive (US$ 17M Série A)",R$ 500k-5M,"Soluções para agronegócio, Estágio inicial com tração"
Spin,Accelerator,"Jaraguá do Sul, SC",https://spin.exponencial.vc/,B2B,"A Spin é a primeira e a maior plataforma de inovação Startup+Indústria do Brasil (hardware e software), a maior aceleradora de Santa Catarina (Distrito/KPMG) e também uma das dez melhores aceleradoras do país (Startup Awards 2018 e 2019). Com unidades estabelecidas nas cidades de São Paulo, Curitiba, Joinville, Blumenau e Jaraguá do Sul, a Spin é parceira oficial do Stanford Research Institute para todo o território nacional e tem como objetivo colocar frente a frente startups inovadoras, indústrias em transformação e investidores interessados em criar negócios exponenciais. Para saber mais, basta acessar o site www.spin.capital, as redes sociais (@spin.capital) ou a plataforma de inovação www.exponencial.vc .",,button:Editar infos|https://airtable.com/shrXkItsOMiCG6Y2E?prefill_Nome=Spin&prefill_Tipo=Accelerator&prefill_Sede=Jaragu%C3%A1%20do%20Sul%2C%20SC&prefill_Website=https%3A%2F%2Fspin.exponencial.vc%2F&prefill_Setores%20%2F%20Areas%20de%20Interesse=B2B&prefill_Est%C3%A1gio%20de%20Investimento=&prefill_Tese=A%20Spin%20%C3%A9%20a%20primeira%20e%20a%20maior%20plataforma%20de%20inova%C3%A7%C3%A3o%20Startup%2BInd%C3%BAstria%20do%20Brasil%20%28hardware%20e%20software%29%2C%20a%20maior%20aceleradora%20de%20Santa%20Catarina%20%28Distrito%2FKPMG%29%20e%20tamb%C3%A9m%20uma%20das%20dez%20melhores%20aceleradoras%20do%20pa%C3%ADs%20%28Startup%20Awards%202018%20e%202019%29.%20Com%20unidades%20estabelecidas%20nas%20cidades%20de%20S%C3%A3o%20Paulo%2C%20Curitiba%2C%20Joinville%2C%20Blumenau%20e%20Jaragu%C3%A1%20do%20Sul%2C%20a%20Spin%20%C3%A9%20parceira%20oficial%20do%20Stanford%20Research%20Institute%20para%20todo%20o%20territ%C3%B3rio%20nacional%20e%20tem%20como%20objetivo%20colocar%20frente%20a%20frente%20startups%20inovadoras%2C%20ind%C3%BAstrias%20em%20transforma%C3%A7%C3%A3o%20e%20investidores%20interessados%20em%20criar%20neg%C3%B3cios%20exponenciais.%20Para%20saber%20mais%2C%20basta%20acessar%20o%20site%20www.spin.capital%2C%20as%20redes%20sociais%20%28%40spin.capital%29%20ou%20a%20plataforma%20de%20inova%C3%A7%C3%A3o%20www.exponencial.vc%20.&prefill_Montante%20do%20Primeiro%20Cheque=,Sem foco específico em agtech,R$ 50-300k,"Modelo B2B, Programa de aceleração"
SRM Ventures,Corporate Venture Capital,"São Paulo, São Paulo",https://www.srmasset.com/,Fintech,Braço de Corporate Venture da SRM Asset.,https://v5.airtableusercontent.com/v3/u/46/46/1760220000000/kuvaMuqHP9HC0UsdgXMPnQ/BlYuarUw-9RlRXQP8d4gsLiFoLctCZkdDV--NEEYZ1f9G_U5YA3pa-thbA_kYkeYKnOkb7jdmB5vJIeegfu5YJ6sESVb4aFVRfHp8JoTtJ_M-TJZHWOlPpAe8JxRTXPU31SeOc6CHRoN5uWh-1FerQ/dO2H50WWebYtaIx9Plpua33BQ7bjmBY5h_h8usAjlAY,button:Editar infos|https://airtable.com/shrXkItsOMiCG6Y2E?prefill_Nome=SRM%20Ventures&prefill_Tipo=Corporate%20Venture%20Capital&prefill_Sede=S%C3%A3o%20Paulo%2C%20S%C3%A3o%20Paulo&prefill_Website=https%3A%2F%2Fwww.srmasset.com%2F&prefill_Setores%20%2F%20Areas%20de%20Interesse=Fintech&prefill_Est%C3%A1gio%20de%20Investimento=3.%20Primeiras%20receitas%2C%204.%20Em%20escala%20%28Series%20A%29%2C%20%225.%20Growth%20Stage%20%28Series%20B%2C%20C%20e%20D%29%22&prefill_Tese=Bra%C3%A7o%20de%20Corporate%20Venture%20da%20SRM%20Asset.&prefill_Montante%20do%20Primeiro%20Cheque=,Sem foco específico em agtech,Variável,Soluções financeiras
Startup Farm,Equity CrowdFunding,"São Paulo, Sao Paulo",http://www.startup.farm/,,Startup Farm é uma aceleradora que se concentra na Latin American startups.,https://v5.airtableusercontent.com/v3/u/46/46/1760220000000/gZjnjAEEwSN99imKXF67lg/Gs6otFP2Lz1_J3Gv3agdZE14vxZOy-rnu-ewZPWshsnVGI-fHZ3IVqFOFWzKgIi0emr5cgr0uj6vSkU-KUcsw3_gurrtJM-Igo_-kwS6JEEwIEbdvcb3J_FJgjg8sRM2jcFFoTFdnM9qGKUBUz3HP1VvoJGQDcEPdPsC58og0MBPcStkZRwmVQPaSUzNRYl8/snW1bwEHSkCAPRxm821twJNrK8uA79EHfDn-YwbhnIk,button:Editar infos|https://airtable.com/shrXkItsOMiCG6Y2E?prefill_Nome=Startup%20Farm&prefill_Tipo=Equity%20CrowdFunding&prefill_Sede=S%C3%A3o%20Paulo%2C%20Sao%20Paulo&prefill_Website=http%3A%2F%2Fwww.startup.farm%2F&prefill_Setores%20%2F%20Areas%20de%20Interesse=&prefill_Est%C3%A1gio%20de%20Investimento=&prefill_Tese=Startup%20Farm%20%C3%A9%20uma%20aceleradora%20que%20se%20concentra%20na%20Latin%20American%20startups.&prefill_Montante%20do%20Primeiro%20Cheque=,Sem foco específico em agtech,R$ 50-500k,Inovação tecnológica
Superjobs.vc,Early Stage VC,"São Paulo, Sao Paulo",https://superjobs.vc/,,Gestora de investimento VC em Startups com soluções para problemas reais.,https://v5.airtableusercontent.com/v3/u/46/46/1760220000000/cs8KpGqppWKzlZVw5gbz2Q/NL9TyY9lusjfbWb03-Hd88ySh3CQY67wWNTpXwTYM-vApiBeNxEJdntuflTWYQ645mXBoMAgH6FcM2w__6UxVG5h72vmIb_-AwL8wWCCE-_-QfGhPndfvBKtkPv4wdUUymy8lFvwSq1TEL3w41GKRlidG2L7-Fh0y06H4DgZK6k/gFlG5t8IiUfhvYfdxXRGZ0FhNwTVtrcS-MZfSJRnD5g,button:Editar infos|https://airtable.com/shrXkItsOMiCG6Y2E?prefill_Nome=Superjobs.vc&prefill_Tipo=Early%20Stage%20VC&prefill_Sede=S%C3%A3o%20Paulo%2C%20Sao%20Paulo&prefill_Website=https%3A%2F%2Fsuperjobs.vc%2F&prefill_Setores%20%2F%20Areas%20de%20Interesse=&prefill_Est%C3%A1gio%20de%20Investimento=&prefill_Tese=Gestora%20de%20investimento%20VC%20em%20Startups%20com%20solu%C3%A7%C3%B5es%20para%20problemas%20reais.&prefill_Montante%20do%20Primeiro%20Cheque=,Sem foco específico em agtech,R$ 500k-5M,Estágio inicial com tração
SuperLab Capital,Early Stage VC,"São Paulo, São Paulo",http:\\superlabcapital.com,"SMB,SaaS,B2B,Enterprise,Hardware",Investimentos no Brasil em empresas do setor de Conteúdo Digital e/ou Connectividade B2B em estágio de MVP ou com receitas anuais a partir de R$100k.,https://v5.airtableusercontent.com/v3/u/46/46/1760220000000/E8KcDunVSM4WUb43ytzkyA/_M7FfMQSodrThf8mMNGyHSkyia7WjWpcF8GdnrcT7v3vtbpcf4dESLrpLj4W_C-A9Hvl-BFKAOL0VVNI90KUk_j9rTKOsXCw0AaRcbi32d1MmU-dorKKeU_Z-yT9u9qF9GWNLPo7a3IQ5jBy8LdqQ5E8lCeSs-cNLIwrzCYz01w/NlmUq5PQaOtCtvPD8E96M8RW2JQ-A9uHirO1oT57tg4,button:Editar infos|https://airtable.com/shrXkItsOMiCG6Y2E?prefill_Nome=SuperLab%20Capital&prefill_Tipo=Early%20Stage%20VC&prefill_Sede=S%C3%A3o%20Paulo%2C%20S%C3%A3o%20Paulo&prefill_Website=http%3A%5C%5Csuperlabcapital.com&prefill_Setores%20%2F%20Areas%20de%20Interesse=SMB%2C%20SaaS%2C%20B2B%2C%20Enterprise%2C%20Hardware&prefill_Est%C3%A1gio%20de%20Investimento=3.%20Primeiras%20receitas%2C%202.%20MVP%2C%201.%20Ideia%20%2F%20Patente%20&prefill_Tese=Investimentos%20no%20Brasil%20em%20empresas%20do%20setor%20de%20Conte%C3%BAdo%20Digital%20e%2Fou%20Connectividade%20B2B%20em%20est%C3%A1gio%20de%20MVP%20ou%20com%20receitas%20anuais%20a%20partir%20de%20R%24100k.%20&prefill_Montante%20do%20Primeiro%20Cheque=At%C3%A9%20R%24%201%20milh%C3%A3o,Sem foco específico em agtech,R$ 500k-5M,"Modelo B2B, Produto SaaS, Estágio inicial com tração"
Techmall,Accelerator,"São Paulo, Sao Paulo",http://www.techmallsa.com.br,,empresas acelerador e alto impacto negócio Belo Horizonte.,https://v5.airtableusercontent.com/v3/u/46/46/1760220000000/acK9SH0OAGBXQovk1W8XQw/IaJaHNEwlPWwCoLfanI4THWey7hTs6KI6dc7M_ShRSeOmWTq0vsASd9eHRj9tE0wsd5X3pJYvIgID6U-IRx9VE6EtD5XEuC2Vqk63nKCW5R-WUvXjV1cZTavcWyEuSfGuRt3Z4saBapGBWKY8vAcly93iAt8An61blHYyzbdoDbx6KeZrjdX-an-e46mXg-4JbeO3TcRBbBU04f7xBxmZg/xSCiBYP1MUPmQ2wZ_AkQGQNrWrDqcG3n7e0WulVhsIw,button:Editar infos|https://airtable.com/shrXkItsOMiCG6Y2E?prefill_Nome=Techmall&prefill_Tipo=Accelerator&prefill_Sede=S%C3%A3o%20Paulo%2C%20Sao%20Paulo&prefill_Website=http%3A%2F%2Fwww.techmallsa.com.br&prefill_Setores%20%2F%20Areas%20de%20Interesse=&prefill_Est%C3%A1gio%20de%20Investimento=&prefill_Tese=empresas%20acelerador%20e%20alto%20impacto%20neg%C3%B3cio%20Belo%20Horizonte.&prefill_Montante%20do%20Primeiro%20Cheque=,Sem foco específico em agtech,R$ 50-300k,Programa de aceleração
techtools ventures,Accelerator,"São Paulo, Sao Paulo",https://techtools.vc/,Health,Techtools ventures é uma empresa de capital de risco que investe principalmente em tecnologia e inovação em saúde.,https://v5.airtableusercontent.com/v3/u/46/46/1760220000000/KpKLjbBNrYIlp1LmGp2TAg/nurP5h4UCECv5r4o7ngAhYsLqsCwb26tDyT7bf_c_cY4zMQxIJsL5XYMyKHu6NwW-WrWQK5qBNMQWy4zLaoAXSNS9gce0zM1CVZGtZHsukhT2RKjAIlqd_ptDUlKN4bxo8jsvqV9tXZBksL2HVErCd6_nY6RC5QPFzDbo6jFg7A/IPLNVQjOdJGaR9it_q92eECk8jD07TrxFulQbdopp6U,button:Editar infos|https://airtable.com/shrXkItsOMiCG6Y2E?prefill_Nome=techtools%20ventures&prefill_Tipo=Accelerator&prefill_Sede=S%C3%A3o%20Paulo%2C%20Sao%20Paulo&prefill_Website=https%3A%2F%2Ftechtools.vc%2F&prefill_Setores%20%2F%20Areas%20de%20Interesse=Health&prefill_Est%C3%A1gio%20de%20Investimento=&prefill_Tese=Techtools%20ventures%20%C3%A9%20uma%20empresa%20de%20capital%20de%20risco%20que%20investe%20principalmente%20em%20tecnologia%20e%20inova%C3%A7%C3%A3o%20em%20sa%C3%BAde.&prefill_Montante%20do%20Primeiro%20Cheque=,Sem foco específico em agtech,R$ 50-300k,"Soluções para saúde, Programa de aceleração"
Terracota Ventures,Micro VC,Florianópolis e São Paulo,https://www.terracotta.ventures/,"Construtech,Proptech",Investimos nas melhores startups da América Latina que estão inovando no setor da construção e mercado imobiliário,https://v5.airtableusercontent.com/v3/u/46/46/1760220000000/5YLlygHvgE8vlCeCDRlk_A/c7_PVWW_8q6sthuMlTHkFfuk_ICBqmf_SR7pnyXTj9ZSl2gDYPwZIrzplbLdoEHq9qDfWf4015Y_adopHi1IMlNYvS8PenYIFdy0rZfGlDGmUQIsAoWA8fBWrG6vU7cPIlI_OVwKrY-1PREf7cl6XtBwwSQxvNPfXgfccDvhiKQk1DYLEza6On0VZkeDw9St1E3sCppQ30JkO9G2c6bTXg/22mXy5pXVKOjaGM2pSl286zcIEoX5ZqvSiroGqndNJg,button:Editar infos|https://airtable.com/shrXkItsOMiCG6Y2E?prefill_Nome=Terracota%20Ventures&prefill_Tipo=Micro%20VC&prefill_Sede=Florian%C3%B3polis%20e%20S%C3%A3o%20Paulo&prefill_Website=https%3A%2F%2Fwww.terracotta.ventures%2F&prefill_Setores%20%2F%20Areas%20de%20Interesse=Construtech%2C%20Proptech&prefill_Est%C3%A1gio%20de%20Investimento=&prefill_Tese=Investimos%20nas%20melhores%20startups%20da%20Am%C3%A9rica%20Latina%20que%20est%C3%A3o%20inovando%20no%20setor%20da%20constru%C3%A7%C3%A3o%20e%20mercado%20imobili%C3%A1rio&prefill_Montante%20do%20Primeiro%20Cheque=,Sem foco específico em agtech,R$ 200k-1M,Inovação tecnológica
TheVentureCity,Early Stage VC,São Paulo / Miami / Madrid,https://theventure.city/,,"Venture Capital investindo em toda a América e Europa em startups de software. Aceleradora com tickets até 200K dólares, Fundo com foco em Series A e B, ticket médio de 1.5M dólares. Especialista em product led growth e internacionalização. ""We never give empty no's""",https://v5.airtableusercontent.com/v3/u/46/46/1760220000000/rxDItT0IMKkG-XAtFnMrnQ/ZjuAMkWuRM3qCzxXqFcD63o13kqxAEz-eOVOlQVB0LcwMBoTSWzXkNQtCXDOGYPsPXrK5AB3_oaISIEREldfr2syWU4IQ4DUKDjS2gpcK54GigXHpeN6zPaC4afagYGldjznN7jpZ-Xq5LWgVchaR0uG4elzhFrNi5HRMbQz0bu-fUEW1K74GB7w6hvfumj9/P4rlWxGa6XJOu92t-stRkAHyLY463MLv5ja5jFAl_4A,button:Editar infos|https://airtable.com/shrXkItsOMiCG6Y2E?prefill_Nome=TheVentureCity&prefill_Tipo=Early%20Stage%20VC&prefill_Sede=S%C3%A3o%20Paulo%20%2F%20Miami%20%2F%20Madrid&prefill_Website=https%3A%2F%2Ftheventure.city%2F&prefill_Setores%20%2F%20Areas%20de%20Interesse=&prefill_Est%C3%A1gio%20de%20Investimento=&prefill_Tese=Venture%20Capital%20investindo%20em%20toda%20a%20Am%C3%A9rica%20e%20Europa%20em%20startups%20de%20software.%20Aceleradora%20com%20tickets%20at%C3%A9%20200K%20d%C3%B3lares%2C%20Fundo%20com%20foco%20em%20Series%20A%20e%20B%2C%20ticket%20m%C3%A9dio%20de%201.5M%20d%C3%B3lares.%20Especialista%20em%20product%20led%20growth%20e%20internacionaliza%C3%A7%C3%A3o.%20%22We%20never%20give%20empty%20no%27s%22&prefill_Montante%20do%20Primeiro%20Cheque=,Sem foco específico em agtech,R$ 500k-5M,Estágio inicial com tração
TM3 Capital,Late Stage VC,Curitiba,http://www.tm3.capital/,"Agtech,B2B,Construtech,CyberSecurity,Energy,Fintech,Hardware,Health,Logistics,Manufacturing,Retail,SaaS,Smart Cities,SMB,Software","Investimos em empresas de tecnologia B2B (hardware e software) de vários setores, principalmente varejo, agro, fintechs, educação, saúde. Atualmente existem 2 fundos, um early, que olha empresas com faturamento mensal acima de R$50k, e um late que investe em empresas que tenham um faturamento mínimo de R$15M LTM ou R$1M de MRR.",https://v5.airtableusercontent.com/v3/u/46/46/1760220000000/zeYHzJsx0DkqlIlbMQEssQ/5A2LfyD0MGbvjI7LLvnNUk9yOvH4E8fmqPnPo7uS-58GawUD9p6DOiZAe0Jt1xPZeKV6Y9DFwB5gfV31BtIaUub_To-a4xvEtrmt-NIEGUHyEjtHaHmO99h9jsjRBUYXSZk7E3IVFQAwv1cK-jCmUKQJzsCsj9s8yq2HDi11ddE/xDRy8kBb9A2qqFGP6oUr-jTzZy6D_SNEej8kz7eE-oE,button:Editar infos|https://airtable.com/shrXkItsOMiCG6Y2E?prefill_Nome=TM3%20Capital&prefill_Tipo=Late%20Stage%20VC&prefill_Sede=Curitiba&prefill_Website=http%3A%2F%2Fwww.tm3.capital%2F&prefill_Setores%20%2F%20Areas%20de%20Interesse=Agtech%2C%20B2B%2C%20Construtech%2C%20CyberSecurity%2C%20Energy%2C%20Fintech%2C%20Hardware%2C%20Health%2C%20Logistics%2C%20Manufacturing%2C%20Retail%2C%20SaaS%2C%20Smart%20Cities%2C%20SMB%2C%20Software&prefill_Est%C3%A1gio%20de%20Investimento=3.%20Primeiras%20receitas%2C%204.%20Em%20escala%20%28Series%20A%29&prefill_Tese=Investimos%20em%20empresas%20de%20tecnologia%20B2B%20%28hardware%20e%20software%29%20de%20v%C3%A1rios%20setores%2C%20principalmente%20varejo%2C%20agro%2C%20fintechs%2C%20educa%C3%A7%C3%A3o%2C%20sa%C3%BAde.%20Atualmente%20existem%202%20fundos%2C%20um%20early%2C%20que%20olha%20empresas%20com%20faturamento%20mensal%20acima%20de%20R%2450k%2C%20e%20um%20late%20que%20investe%20em%20empresas%20que%20tenham%20um%20faturamento%20m%C3%ADnimo%20de%20R%2415M%20LTM%20ou%20R%241M%20de%20MRR.&prefill_Montante%20do%20Primeiro%20Cheque=At%C3%A9%20R%24%201%20milh%C3%A3o,Investimentos em agtechs (detalhes não disponíveis),US$ 5-50M,"Soluções para agronegócio, Modelo B2B, Produto SaaS, Soluções financeiras, Soluções para saúde, Empresa em crescimento"
Triaxis Capital,Early Stage VC,"São Paulo, Sao Paulo",http://www.triaxiscapital.com,,Triaxis Capital é uma empresa de capital de risco independente brasileira focada em empresas de base tecnológica com elevado potencial de crescimento.,https://v5.airtableusercontent.com/v3/u/46/46/1760220000000/AIObOUgwyJf6hJ-GfQihDg/_bXl-HHtuYje_h372ILjHtPaLq9qUCfpY6qkLp04wjpK4M9Pf6v7YyfUyIjiHbvs10tAUqBdJZGKuWqOhzu-mEXQ-jWgl7AYKiCDfcIfIU449O7odS6GC1eHxgEZVwFpC2tKD-BL52zieaRGWXDpcxca-84Dr7G-enzfFy4pQrTGFSZ893GeDIqXwmXSmv8VdkCB15UUCoxVPJTVPhck2A/jCYjX7FtJRwr0e-1LiGZbFFHRf4Mlv3KmpL82-no8xM,button:Editar infos|https://airtable.com/shrXkItsOMiCG6Y2E?prefill_Nome=Triaxis%20Capital&prefill_Tipo=Early%20Stage%20VC&prefill_Sede=S%C3%A3o%20Paulo%2C%20Sao%20Paulo&prefill_Website=http%3A%2F%2Fwww.triaxiscapital.com&prefill_Setores%20%2F%20Areas%20de%20Interesse=&prefill_Est%C3%A1gio%20de%20Investimento=&prefill_Tese=Triaxis%20Capital%20%C3%A9%20uma%20empresa%20de%20capital%20de%20risco%20independente%20brasileira%20focada%20em%20empresas%20de%20base%20tecnol%C3%B3gica%20com%20elevado%20potencial%20de%20crescimento.&prefill_Montante%20do%20Primeiro%20Cheque=,Sem foco específico em agtech,R$ 500k-5M,Estágio inicial com tração
Upangel,Equity CrowdFunding,Uberlândia,www.upangel.com.br,"Fintech,B2B,SaaS,Software",Nascemos para transformar a relação de investimentos nas startups e empresas,https://v5.airtableusercontent.com/v3/u/46/46/1760220000000/awpC4w3e9Yud0hxFRQDCjg/YwQIPcGJPrEZOZvmgEezWPBhd4T2FtcYv3f-Pt_PSf9vrnHT7mKs2WD7HxakB_7COEw2P2pOFLAcol5ACn1iFv45c6bYxgF7DgHzthOGv-PObyydJ5FPH46RgP4ipHdBYJliXsKshCiDSppM7VxY2kgDVNem21ojgB257FPzGlfc8tlBEvbdRlYxTDv3opQT/IQFmH5B1qwDvMHbz_XDzKVGH_K2i5i9ZaeXuYKGcfJE,button:Editar infos|https://airtable.com/shrXkItsOMiCG6Y2E?prefill_Nome=Upangel%20&prefill_Tipo=Equity%20CrowdFunding&prefill_Sede=Uberl%C3%A2ndia%20&prefill_Website=www.upangel.com.br&prefill_Setores%20%2F%20Areas%20de%20Interesse=Fintech%2C%20B2B%2C%20SaaS%2C%20Software&prefill_Est%C3%A1gio%20de%20Investimento=&prefill_Tese=Nascemos%20para%20transformar%20a%20rela%C3%A7%C3%A3o%20de%20investimentos%20nas%20startups%20e%20empresas%20&prefill_Montante%20do%20Primeiro%20Cheque=,Sem foco específico em agtech,R$ 50-500k,"Modelo B2B, Produto SaaS, Soluções financeiras"
Urca Angels,Angel Group,Brasil,www.urcaangels.com.br,,"A Urca Angels é uma associação criada em 2019 com intuito de investir em Startups. O grupo de investidores é majoritariamente composto por ex-alunos do Instituto Militar de Engenharia (IME), mas é aberto a investidores não relacionados ao instituto. Temos a intenção de trazer conhecimento, desenvolvimento e experiência para empresas principalmente focadas em inovação e tecnologia.",https://v5.airtableusercontent.com/v3/u/46/46/1760220000000/mqWqMr01XvrwGnWpR0RNKA/ckpEP3dEXnANm9h0kX8_iZyoI8MSmMA1fn3nuTH2ltgbHxeNxOXMVHB4W1JldbTWMmezPV-nkTjBbIFMU77MTJKaUZJquTNvKvpJmPLp--Cy9T0GzYUd83Wu1e3H3j6KBUE81-IUb7lcfxLDfA6ysg/OmS_jvha__RU0dQ4uoK7ZDQ4TM-5pd63XNFo2WJf67Y,button:Editar infos|https://airtable.com/shrXkItsOMiCG6Y2E?prefill_Nome=Urca%20Angels&prefill_Tipo=Angel%20Group&prefill_Sede=Brasil&prefill_Website=www.urcaangels.com.br&prefill_Setores%20%2F%20Areas%20de%20Interesse=&prefill_Est%C3%A1gio%20de%20Investimento=&prefill_Tese=%0AA%20Urca%20Angels%20%C3%A9%20uma%20associa%C3%A7%C3%A3o%20criada%20em%202019%20com%20intuito%20de%20investir%20em%20Startups.%20O%20grupo%20de%20investidores%20%C3%A9%20majoritariamente%20composto%20por%20ex-alunos%20do%20Instituto%20Militar%20de%20Engenharia%20%28IME%29%2C%20mas%20%C3%A9%20aberto%20a%20investidores%20n%C3%A3o%20relacionados%20ao%20instituto.%20Temos%20a%20inten%C3%A7%C3%A3o%C2%A0de%20trazer%20conhecimento%2C%20desenvolvimento%20e%20experi%C3%AAncia%20para%20empresas%20principalmente%20focadas%20em%20inova%C3%A7%C3%A3o%20e%20tecnologia.&prefill_Montante%20do%20Primeiro%20Cheque=,Sem foco específico em agtech,R$ 50-200k,Inovação tecnológica
Valor Capital Group,Early Stage VC,"São Paulo, Sao Paulo",http://valorcapitalgroup.com/,,Gestora de Venture Capital cross-border que investe em Startups brasileiras.,https://v5.airtableusercontent.com/v3/u/46/46/1760220000000/_R5cuzkckt2Fa_Y0rVezdQ/_NCluveJRzYeZHQXAGMkxckc-_VGVqyH3T89GY_K3_cgrYDrn_W9Mh0hQNubR4OluCHnQHoqSPu14_UzxtAqZg_V8Pj4Fkc-B565q1tlDKHtlJTZcrgUcAu7DmzYnXGthi9JvFu1uyxiTHXLfnBVcQJn6F62rllu51oBtXNaWSPoo-WuHI7z-uoP7Um_9Uzo4wUZ4732FjMoBdxRkqJi1g/f9GiMSxVxu-OcugDwNNPek2Mo9dSB6tNctewhte96OI,button:Editar infos|https://airtable.com/shrXkItsOMiCG6Y2E?prefill_Nome=Valor%20Capital%20Group&prefill_Tipo=Early%20Stage%20VC&prefill_Sede=S%C3%A3o%20Paulo%2C%20Sao%20Paulo&prefill_Website=http%3A%2F%2Fvalorcapitalgroup.com%2F&prefill_Setores%20%2F%20Areas%20de%20Interesse=&prefill_Est%C3%A1gio%20de%20Investimento=&prefill_Tese=Gestora%20de%20Venture%20Capital%20cross-border%20que%20investe%20em%20Startups%20brasileiras.&prefill_Montante%20do%20Primeiro%20Cheque=,Sem foco específico em agtech,R$ 500k-5M,Estágio inicial com tração
Ventiur Aceleradora,Accelerator,"São Leopoldo, Rio Grande do Sul",http://ventiur.net/,,"Ventiur Aceleradora é uma aceleradora de risco que investe em empresas na semente, inicialização e estágios iniciais de desenvolvimento.",https://v5.airtableusercontent.com/v3/u/46/46/1760220000000/YPQY7vqXfwwL67itJ6B-Lg/89Kf1-i3FYhpAsTWE6L17PmFCf1jWCVYNmKnm7aRwa1Xa-s5uM5vuw0vcDlyHhYX-X9wx-fR2Qit_rjj2qDFZuaoOMssIixi6YuGeXT13YEOhqlfpC-jABkvnp_-TzbdXIrIaqMjFbX3vFim_plHeA/WkNEt0vvkpB4zkoyvHPSbtQzPL6Dlzq4wc7omNwBLjo,button:Editar infos|https://airtable.com/shrXkItsOMiCG6Y2E?prefill_Nome=Ventiur%20Aceleradora&prefill_Tipo=Accelerator&prefill_Sede=S%C3%A3o%20Leopoldo%2C%20Rio%20Grande%20do%20Sul&prefill_Website=http%3A%2F%2Fventiur.net%2F&prefill_Setores%20%2F%20Areas%20de%20Interesse=&prefill_Est%C3%A1gio%20de%20Investimento=&prefill_Tese=Ventiur%20Aceleradora%20%C3%A9%20uma%20aceleradora%20de%20risco%20que%20investe%20em%20empresas%20na%20semente%2C%20inicializa%C3%A7%C3%A3o%20e%20est%C3%A1gios%20iniciais%20de%20desenvolvimento.&prefill_Montante%20do%20Primeiro%20Cheque=,Sem foco específico em agtech,R$ 50-300k,Programa de aceleração
Venture Hub,Accelerator,"Campinas, SP",www.venturehub.se,,"Aceleradora de Startups e Inovação Corporativa que une empreendedores, centros de tecnologia, empresas emergentes e corporações, promovendo engajamento orientado para transformação da cultura organizacional, resolução de desafios e experimentação de novos modelos de negócio.",https://v5.airtableusercontent.com/v3/u/46/46/1760220000000/58v1B_Z2ZTy9EeIJYOP6Xg/vEertORx9HVxl1l8YOlrmUlpBDot39mWRaZ8glGmtXl3yJmjEfQ7riiy-HfsLarpB1vFokTQ218-ntEbM2xjtTMYkpwJi5GKQYIFJKYf3D_KJZILLYWc9QAEAAVCf_kUXgKrgw0vtHQQcYX3-_cKQQ/su-sFPkR7grYGDNYmwe0EBp9bvhL9yFtdDEJnpNgE6w,button:Editar infos|https://airtable.com/shrXkItsOMiCG6Y2E?prefill_Nome=Venture%20Hub&prefill_Tipo=Accelerator&prefill_Sede=Campinas%2C%20SP&prefill_Website=www.venturehub.se&prefill_Setores%20%2F%20Areas%20de%20Interesse=&prefill_Est%C3%A1gio%20de%20Investimento=&prefill_Tese=Aceleradora%20de%20Startups%20e%20Inova%C3%A7%C3%A3o%20Corporativa%20que%20une%20empreendedores%2C%20centros%20de%20tecnologia%2C%20empresas%20emergentes%20e%20corpora%C3%A7%C3%B5es%2C%20promovendo%20engajamento%20orientado%20para%20transforma%C3%A7%C3%A3o%20da%20cultura%20organizacional%2C%20resolu%C3%A7%C3%A3o%20de%20desafios%20e%20experimenta%C3%A7%C3%A3o%20de%20novos%20modelos%20de%20neg%C3%B3cio.&prefill_Montante%20do%20Primeiro%20Cheque=,Sem foco específico em agtech,R$ 50-300k,Programa de aceleração
Verus Group,Angel Group,"São Paulo, Sao Paulo",http://www.verusgroup.com.br/,,Verus Grupo investe em empresas em fase inicial que já estão operacionais com modelos de negócios baseados em tecnologia.,https://v5.airtableusercontent.com/v3/u/46/46/1760220000000/MC2frZZ-tRzebVj7fSvRYg/Yx6z_LfZG7Aggp3z5rUIAqjpYJTxLc1dqtTJrUe9fovjt0SEO-UNda6uVwT7YklTEB1x7OyQ8i1vE7F2YQQDvI7G81Tpx4PCvk31_8Qx1ymnyHvqrPa58iQan6xYfa1y9Kt5oyGvojRQqY-JTOaOd_ObvwAB4-gJ-CHRI9qwHRs/r8NRdrH4k0CWrBw9IamlwNgc1D-pl0SaK-OS0P8RL0Y,button:Editar infos|https://airtable.com/shrXkItsOMiCG6Y2E?prefill_Nome=Verus%20Group&prefill_Tipo=Angel%20Group&prefill_Sede=S%C3%A3o%20Paulo%2C%20Sao%20Paulo&prefill_Website=http%3A%2F%2Fwww.verusgroup.com.br%2F&prefill_Setores%20%2F%20Areas%20de%20Interesse=&prefill_Est%C3%A1gio%20de%20Investimento=&prefill_Tese=Verus%20Grupo%20investe%20em%20empresas%20em%20fase%20inicial%20que%20j%C3%A1%20est%C3%A3o%20operacionais%20com%20modelos%20de%20neg%C3%B3cios%20baseados%20em%20tecnologia.&prefill_Montante%20do%20Primeiro%20Cheque=,Sem foco específico em agtech,R$ 50-200k,Inovação tecnológica
Verve Capital,Micro VC,Miami / São Paulo,https://www.vervecapital.us/,"B2B,Ecommerce / D2C,Fintech,Health,Logistics,Retail,SaaS,Software,SMB","A Verve Capital é uma firma de capital de risco que investe em empresas de base tecnológica. Com foco em rodadas de early stage (Pre Seed e Seed), a firma investe na América Latina toda e é agnóstica em termos de setor.",https://v5.airtableusercontent.com/v3/u/46/46/1760220000000/C8Iu1iIJs34LFtnkHYcFtg/j_280c6C4jjMyZIc9bZJDSbuC3aX3DkiqZJVhs_gXUWTP32YYaaevoC3Ngb4YOrL9tvHgtVrwy2nrF73x0OFOCD4s6tzOOh33Txek4TVEF_Yr5jkZfaamcBvjDc_d8iaWHJUYVKFMojL7afYt2chmw/uJk0sLycLvq_G1Cnv8jQ4iBEleMp6D_rXO3v347A3Zw,button:Editar infos|https://airtable.com/shrXkItsOMiCG6Y2E?prefill_Nome=Verve%20Capital&prefill_Tipo=Micro%20VC&prefill_Sede=Miami%20%2F%20S%C3%A3o%20Paulo&prefill_Website=https%3A%2F%2Fwww.vervecapital.us%2F%20&prefill_Setores%20%2F%20Areas%20de%20Interesse=B2B%2C%20Ecommerce%20%2F%20D2C%2C%20Fintech%2C%20Health%2C%20Logistics%2C%20Retail%2C%20SaaS%2C%20Software%2C%20SMB&prefill_Est%C3%A1gio%20de%20Investimento=3.%20Primeiras%20receitas%2C%202.%20MVP%2C%201.%20Ideia%20%2F%20Patente%20&prefill_Tese=A%20Verve%20Capital%20%C3%A9%20uma%20firma%20de%20capital%20de%20risco%20que%20investe%20em%20empresas%20de%20base%20tecnol%C3%B3gica.%20Com%20foco%20em%20rodadas%20de%20early%20stage%20%28Pre%20Seed%20e%20Seed%29%2C%20a%20firma%20investe%20na%20Am%C3%A9rica%20Latina%20toda%20e%20%C3%A9%20agn%C3%B3stica%20em%20termos%20de%20setor.%20&prefill_Montante%20do%20Primeiro%20Cheque=At%C3%A9%20R%24%201%20milh%C3%A3o,Sem foco específico em agtech,R$ 200k-1M,"Modelo B2B, Produto SaaS, Soluções financeiras, Soluções para saúde"
Volpe Capital,Late Stage VC,"São Paulo, Sao Paulo",https://www.volpecapital.com/,,Volpe Capital seeks to obtain long term capital appreciation by investing in tech and tech enabled high growth opportunities in Latin America or global opportunities led by American leaders.,https://v5.airtableusercontent.com/v3/u/46/46/1760220000000/9bmVWZ2qK16X5ozGtB544A/5y68wyhUAAhb2y4pWyeNkT9gIrThrEalEm0zBTkK15Pl7zp8VLSeiVctvV7sTlnAFLo7yDUDx6XcntPl8D-ZgaMR9-_BJXgm8mC3EsDQxy8hwYL35gAYsQKBBfnx58ybbOs3R9cZvZKr4QpKfuB0lSHyp_vaEaIuj0XT6Lugi30/ckDWZNrQayMss_X2Hsuif84uwcWZbQ2zpTFY-wwElFE,button:Editar infos|https://airtable.com/shrXkItsOMiCG6Y2E?prefill_Nome=Volpe%20Capital&prefill_Tipo=Late%20Stage%20VC&prefill_Sede=S%C3%A3o%20Paulo%2C%20Sao%20Paulo&prefill_Website=https%3A%2F%2Fwww.volpecapital.com%2F&prefill_Setores%20%2F%20Areas%20de%20Interesse=&prefill_Est%C3%A1gio%20de%20Investimento=4.%20Em%20escala%20%28Series%20A%29%2C%20%225.%20Growth%20Stage%20%28Series%20B%2C%20C%20e%20D%29%22&prefill_Tese=Volpe%20Capital%20seeks%20to%20obtain%20long%20term%20capital%20appreciation%20by%20investing%20in%20tech%20and%20tech%20enabled%20high%20growth%20opportunities%20in%20Latin%20America%20or%20global%20opportunities%20led%20by%20American%20leaders.&prefill_Montante%20do%20Primeiro%20Cheque=At%C3%A9%2020%20milh%C3%B5es,Sem foco específico em agtech,US$ 5-50M,Empresa em crescimento
Vórtex Aceleradora,Accelerator,Palmas - TO,https://vortexaceleradora.com/,"Agtech,Energy,Hardware,Health","Somos de Palmas - TO, pré-aceleramos e aceleramos startups de todo país. Nossa tese prevê investimento de de R$150.000,00 até R$350.000,00, nas verticais de AgriFoodTech, BioTech e CleanTech.",https://v5.airtableusercontent.com/v3/u/46/46/1760220000000/Vm4yS-imD3cbWWdCVAjHzA/rzQ-uDIbnM-uv194m9S-2RgFD6XZ6XWhqOy1CrpVa_DUTHcraLFPvMv39lscHuGq-m_pYA2_ZmpAcGwOPS7GYD0sGhiQXgV3-UQAIJH4Ux9Fyequz0DQzzm9nzo8-R_V7hRMJ5wM3cTxgt6Uv2BR7rtUOrS-p_ITXT5HVfKnJbA/4AqQ5vNkltGb_HEo_17IVyF70ZNucP5MAjhoPObWBjA,button:Editar infos|https://airtable.com/shrXkItsOMiCG6Y2E?prefill_Nome=V%C3%B3rtex%20Aceleradora&prefill_Tipo=Accelerator&prefill_Sede=Palmas%20-%20TO&prefill_Website=https%3A%2F%2Fvortexaceleradora.com%2F&prefill_Setores%20%2F%20Areas%20de%20Interesse=Agtech%2C%20Energy%2C%20Hardware%2C%20Health&prefill_Est%C3%A1gio%20de%20Investimento=1.%20Ideia%20%2F%20Patente%20%2C%202.%20MVP%2C%203.%20Primeiras%20receitas&prefill_Tese=Somos%20de%20Palmas%20-%20TO%2C%20pr%C3%A9-aceleramos%20e%20aceleramos%20startups%20de%20todo%20pa%C3%ADs.%20%0ANossa%20tese%20prev%C3%AA%20investimento%20de%20de%20R%24150.000%2C00%20at%C3%A9%20R%24350.000%2C00%2C%20nas%20verticais%20de%20AgriFoodTech%2C%20BioTech%20e%20CleanTech.%20&prefill_Montante%20do%20Primeiro%20Cheque=At%C3%A9%20R%24%20500%20mil,Investimentos em agtechs (detalhes não disponíveis),R$ 50-300k,"Soluções para agronegócio, Soluções para saúde, Programa de aceleração"
Vox Capital,Early Stage VC,"Rio De Janeiro, Rio de Janeiro",http://www.voxcapital.com.br/,,Promovemos um mundo onde os negócios impulsionar a transformação social positiva.,https://v5.airtableusercontent.com/v3/u/46/46/1760220000000/OgCdAfk7gZ6ePQ69hZScuQ/FXbWRATo3SopRnsDLnDLJzYFnXx0lOltrHWOYlgOEJ3eyvqBWwSzw_zdQNvVw5H4ZX84DmOiuuWLpeh9kylAqUzG7s75AEDdHjmmVmBEOMqkawH-oNJUizZ8pSj2-NloHZXROVn4mPXL8ef6uXRSj1UMdTtXsnhb4QKP1_6KtsQ/aS-tVNSEel6ainrm3oU8--kKuvDwQQ4o9JfcxZcXGGQ,button:Editar infos|https://airtable.com/shrXkItsOMiCG6Y2E?prefill_Nome=Vox%20Capital&prefill_Tipo=Early%20Stage%20VC&prefill_Sede=Rio%20De%20Janeiro%2C%20Rio%20de%20Janeiro&prefill_Website=http%3A%2F%2Fwww.voxcapital.com.br%2F&prefill_Setores%20%2F%20Areas%20de%20Interesse=&prefill_Est%C3%A1gio%20de%20Investimento=&prefill_Tese=Promovemos%20um%20mundo%20onde%20os%20neg%C3%B3cios%20impulsionar%20a%20transforma%C3%A7%C3%A3o%20social%20positiva.&prefill_Montante%20do%20Primeiro%20Cheque=,Sem foco específico em agtech,R$ 500k-5M,Estágio inicial com tração
Wayra Brasil,Micro VC,"São Paulo, Sao Paulo",https://br.wayra.co,,Wayra é uma aceleradora de start-up que investe em maduro e startups tecnológicas.,https://v5.airtableusercontent.com/v3/u/46/46/1760220000000/OZ20i7c7wPRFNQaFNVBZLQ/I5oqbl_-qzahKcNRHfgk_dAPkYmuWqs15hE3TgmbKePqE7cdJZ-9w0Fogy4uIgp7oa_zFjEtOQT2Abl-CSvTSBz8-_oqars2Ow5hryXj7seZLm4vWJYefTygJdZ2nho0-zm_ygMNyOeUKrZFr8Gr9Q/-L-2a3YsLSuagFQRMxiVB4Jox9FZB8wWHdqFEc8EeNw,button:Editar infos|https://airtable.com/shrXkItsOMiCG6Y2E?prefill_Nome=Wayra%20Brasil&prefill_Tipo=Micro%20VC&prefill_Sede=S%C3%A3o%20Paulo%2C%20Sao%20Paulo&prefill_Website=https%3A%2F%2Fbr.wayra.co&prefill_Setores%20%2F%20Areas%20de%20Interesse=&prefill_Est%C3%A1gio%20de%20Investimento=&prefill_Tese=Wayra%20%C3%A9%20uma%20aceleradora%20de%20start-up%20que%20investe%20em%20maduro%20e%20startups%20tecnol%C3%B3gicas.&prefill_Montante%20do%20Primeiro%20Cheque=,Sem foco específico em agtech,R$ 200k-1M,Inovação tecnológica
Wizstartup,Equity CrowdFunding,"São Paulo, Sao Paulo",https://www.wiztartup.com/,,Equity Crowdfunding de Startups qualificadas.,https://v5.airtableusercontent.com/v3/u/46/46/1760220000000/6MXtNncDPKvdw-j1YC-eKw/qNK7UUMTrVITz52m9bKEdHwzFk98fueLYZwp4VRgr0dPkM8KIzyHTmiwXTlxJF-sUD1HRDDH4_XEemTr7prT6e0JFkDsjHJmbzbTunZw8pPPdAT01dBRHIwUByPmo8eYJjmqbWX4Kvq4ILcU3hL3AFUFnhr5YaWNoRBOG169XuWySegQEUy5DHFIP1IPS8WS/xDYMZ1zXbLtAnQY6Ukt4hXGy1c0n6S1VtpzPkmTCG5c,button:Editar infos|https://airtable.com/shrXkItsOMiCG6Y2E?prefill_Nome=Wizstartup&prefill_Tipo=Equity%20CrowdFunding&prefill_Sede=S%C3%A3o%20Paulo%2C%20Sao%20Paulo&prefill_Website=https%3A%2F%2Fwww.wiztartup.com%2F&prefill_Setores%20%2F%20Areas%20de%20Interesse=&prefill_Est%C3%A1gio%20de%20Investimento=&prefill_Tese=Equity%20Crowdfunding%20de%20Startups%20qualificadas.&prefill_Montante%20do%20Primeiro%20Cheque=,Sem foco específico em agtech,R$ 50-500k,Inovação tecnológica
WOW Aceleradora,Accelerator,"Porto Alegre, Rio Grande do Sul",http://wow.ac,,Aceleradora e investidora de Startups em estágio Seed,https://v5.airtableusercontent.com/v3/u/46/46/1760220000000/igSO-ZbnGgnQ4oqRIDNTpw/4fOlYBImRlodPZi5BbuhMZo0_hukuZn-ilWo5tluOnZTQMcEvj2QCXlp-FGnStxcqey4DUeN17ZuORpVD1lVuv-YbGFJee5zxG3z57heZ5raArAiuWuSpMYHGjmFnyAno7az4SDvmRNN9TVmqbjoJSNENE8bLb0ZYfD9f4PdvBw/8ouSeqxfYzP0AV8XfJ5xVWllojBwVAVQ8w6M0ahp1Dg,button:Editar infos|https://airtable.com/shrXkItsOMiCG6Y2E?prefill_Nome=WOW%20Aceleradora&prefill_Tipo=Accelerator&prefill_Sede=Porto%20Alegre%2C%20Rio%20Grande%20do%20Sul&prefill_Website=http%3A%2F%2Fwow.ac&prefill_Setores%20%2F%20Areas%20de%20Interesse=&prefill_Est%C3%A1gio%20de%20Investimento=&prefill_Tese=Aceleradora%20e%20investidora%20de%20Startups%20em%20est%C3%A1gio%20Seed&prefill_Montante%20do%20Primeiro%20Cheque=,Sem foco específico em agtech,R$ 50-300k,Programa de aceleração
X8 Investimentos,Late Stage VC,Sao Paulo,www.x8invest.ventures,"Health,Agtech,SMB,Retail,Manufacturing,Enterprise,Fintech",Impact Investing Growth Capital Firm focused on Exceptional Entrepreneurs in Brazil,https://v5.airtableusercontent.com/v3/u/46/46/1760220000000/iBdfJoGeCektG2NAoUmZlg/qu1FdCmVIAeUd4g3z2INyOmsflicBe_MzEPrpulT9a6-1BuuT5JwsO4HQKOb7MmxSpwc8Hw5eUajh5hkG4QRprLF9OKZaOCRVEbjXsqaFBiFIDI9qx2dSAncqPGQUN-sGzWTdJSX8t4C-a3l8qRi0iKIOZtK_mYBjyE4cuBOUzwcSulmf_Q7N_iwhnlxzshv/AqOEUIW6gZYU_-XxnMzmO_vMSlYOj1EEPAgLX4wM_Xk,button:Editar infos|https://airtable.com/shrXkItsOMiCG6Y2E?prefill_Nome=X8%20Investimentos&prefill_Tipo=Late%20Stage%20VC&prefill_Sede=Sao%20Paulo&prefill_Website=www.x8invest.ventures&prefill_Setores%20%2F%20Areas%20de%20Interesse=Health%2C%20Agtech%2C%20SMB%2C%20Retail%2C%20Manufacturing%2C%20Enterprise%2C%20Fintech&prefill_Est%C3%A1gio%20de%20Investimento=&prefill_Tese=Impact%20Investing%20Growth%20Capital%20Firm%20focused%20on%20Exceptional%20Entrepreneurs%20in%20Brazil&prefill_Montante%20do%20Primeiro%20Cheque=,Investimentos em agtechs (detalhes não disponíveis),US$ 5-50M,"Soluções para agronegócio, Soluções financeiras, Soluções para saúde, Empresa em crescimento"
Yield Lab,Accelerator,Argentina,https://www.theyieldlab.com/,,Aceleradora e investidora em Startups AgriFood.,https://v5.airtableusercontent.com/v3/u/46/46/1760220000000/X1Wn8Eg5qMDl0frRq7cRRQ/JBXLVJRvZwcxliaqgJodFZ-W6ESDwXT2QptmflnokkDd3oSjLzXyvva6muXpd6DlreYcYxMGJTr_J1gcnUVq_WG68EVVxeCSB54oHgqARs9no1QASRVM8_KAeUDH4Nh4lYlcNApgWV8VQ6ifm9BsI2X7FR2BO_8xCmBXdwL1xKc/0hUC5A9ZQ7mH3ibAHe1omyVlWM6TNtVCaRrPB1pwI2A,button:Editar infos|https://airtable.com/shrXkItsOMiCG6Y2E?prefill_Nome=Yield%20Lab&prefill_Tipo=Accelerator&prefill_Sede=Argentina&prefill_Website=https%3A%2F%2Fwww.theyieldlab.com%2F&prefill_Setores%20%2F%20Areas%20de%20Interesse=&prefill_Est%C3%A1gio%20de%20Investimento=&prefill_Tese=Aceleradora%20e%20investidora%20em%20Startups%20AgriFood.&prefill_Montante%20do%20Primeiro%20Cheque=,Sem foco específico em agtech,R$ 50-300k,Programa de aceleração
Z-Tech,Corporate Venture Capital,São Paulo,https://www.linkedin.com/company/z-tech-brasil/?originalSubdomain=br,"B2B,Ecommerce / D2C,SaaS,Fintech,Retail,SMB,Software","Z-Tech is a new innovation group formed inside of Anheuser-Busch Inbev with the mission to catalyze the growth of small and medium businesses. At Z-Tech, our goal is to partner with the best entrepreneurs that are trying to solve the main pain points of SMBs.",https://v5.airtableusercontent.com/v3/u/46/46/1760220000000/5-g9rTtpwWriHP2X6N-L1Q/ipqGlnr1qJhR9sI3i6mKR-UG3HGMg6S0bsLqiMiQ-GbFBXWDq_Ps0rj-PMkltOks05D709lZePSAa1VW-4YGlu9W3mX77594BUr3SCGj3BFaIHssnl3St7mS2eOM5uUGmmt3SaN0yGFSmtdVYhAn0ixQYNOQvfG5dIC6gCX__YA/g0llAX02-brK-K759C4bAZWVvAGY08TpT3vRAFatyz0,button:Editar infos|https://airtable.com/shrXkItsOMiCG6Y2E?prefill_Nome=Z-Tech&prefill_Tipo=Corporate%20Venture%20Capital&prefill_Sede=S%C3%A3o%20Paulo%20&prefill_Website=https%3A%2F%2Fwww.linkedin.com%2Fcompany%2Fz-tech-brasil%2F%3ForiginalSubdomain%3Dbr&prefill_Setores%20%2F%20Areas%20de%20Interesse=B2B%2C%20Ecommerce%20%2F%20D2C%2C%20SaaS%2C%20Fintech%2C%20Retail%2C%20SMB%2C%20Software&prefill_Est%C3%A1gio%20de%20Investimento=&prefill_Tese=Z-Tech%20is%20a%20new%20innovation%20group%20formed%20inside%20of%20Anheuser-Busch%20Inbev%20with%20the%20mission%20to%20catalyze%20the%20growth%20of%20small%20and%20medium%20businesses.%20At%20Z-Tech%2C%20our%20goal%20is%20to%20partner%20with%20the%20best%20entrepreneurs%20that%20are%20trying%20to%20solve%20the%20main%20pain%20points%20of%20SMBs.&prefill_Montante%20do%20Primeiro%20Cheque=,Sem foco específico em agtech,Variável,"Modelo B2B, Produto SaaS, Soluções financeiras"
